"GEO_ID","id",
"NAME","Geographic Area Name",
"B10063_001E","Estimate!!Total",
"B10063_001M","Margin of Error!!Total",
"B10063_002E","Estimate!!Total!!Household with grandparents living with grandchildren",
"B10063_002M","Margin of Error!!Total!!Household with grandparents living with grandchildren",
"B10063_003E","Estimate!!Total!!Household with grandparents living with grandchildren!!Household with grandparent responsible for own grandchildren under 18 years",
"B10063_003M","Margin of Error!!Total!!Household with grandparents living with grandchildren!!Household with grandparent responsible for own grandchildren under 18 years",
"B10063_004E","Estimate!!Total!!Household with grandparents living with grandchildren!!Household with grandparent responsible for own grandchildren under 18 years!!Householder or spouse with no parent of grandchildren present",
"B10063_004M","Margin of Error!!Total!!Household with grandparents living with grandchildren!!Household with grandparent responsible for own grandchildren under 18 years!!Householder or spouse with no parent of grandchildren present",
"B10063_005E","Estimate!!Total!!Household with grandparents living with grandchildren!!Household with grandparent responsible for own grandchildren under 18 years!!Other grandparents",
"B10063_005M","Margin of Error!!Total!!Household with grandparents living with grandchildren!!Household with grandparent responsible for own grandchildren under 18 years!!Other grandparents",
"B10063_006E","Estimate!!Total!!Household with grandparents living with grandchildren!!Household with grandparent not responsible for own grandchildren under 18 years",
"B10063_006M","Margin of Error!!Total!!Household with grandparents living with grandchildren!!Household with grandparent not responsible for own grandchildren under 18 years",
"B10063_007E","Estimate!!Total!!Household without grandparents living with grandchildren",
"B10063_007M","Margin of Error!!Total!!Household without grandparents living with grandchildren",
