"GEO_ID","NAME","B10010_001E","B10010_001M","B10010_002E","B10010_002M","B10010_003E","B10010_003M"
"id","Geographic Area Name","Estimate!!Median family income in the past 12 months!!Total","Margin of Error!!Median family income in the past 12 months!!Total","Estimate!!Median family income in the past 12 months!!Grandparent householder and/or spouse responsible for grandchildren under 18 years (dollars)","Margin of Error!!Median family income in the past 12 months!!Grandparent householder and/or spouse responsible for grandchildren under 18 years (dollars)","Estimate!!Median family income in the past 12 months!!Grandparent householder and/or spouse responsible for grandchildren under 18 years and no parent present (dollars)","Margin of Error!!Median family income in the past 12 months!!Grandparent householder and/or spouse responsible for grandchildren under 18 years and no parent present (dollars)"
"0500000US49049","Utah County, Utah","66398","26493","50483","10329","34951","33481"
"0500000US49057","Weber County, Utah","68663","18819","52573","10065","47969","33282"
"0500000US50007","Chittenden County, Vermont","61790","15590","61608","47054","-","**"
"0500000US51015","Augusta County, Virginia","45635","18687","36797","7572","26518","18669"
"0500000US51019","Bedford County, Virginia","60888","23132","112723","86978","-","**"
"0500000US51041","Chesterfield County, Virginia","75327","16464","71076","16705","31824","33378"
"0500000US51061","Fauquier County, Virginia","82560","126677","64301","44826","-","**"
"0500000US51069","Frederick County, Virginia","61714","58071","60714","25487","49226","12774"
"0500000US51087","Henrico County, Virginia","66860","17494","80829","5493","31759","30138"
"0500000US51095","James City County, Virginia","83750","66845","102625","112487","45625","21748"
"0500000US51107","Loudoun County, Virginia","93911","40770","88997","36213","29583","2143"
"0500000US51121","Montgomery County, Virginia","2,500-","***","-","**","-","**"
"0500000US51153","Prince William County, Virginia","90037","19388","75035","12306","88042","34645"
"0500000US51161","Roanoke County, Virginia","70734","64189","38868","22599","-","**"
"0500000US51165","Rockingham County, Virginia","55421","37031","37335","30636","21587","23705"
"0500000US51177","Spotsylvania County, Virginia","74716","63616","73560","25701","-","**"
"0500000US51179","Stafford County, Virginia","101266","35504","86884","43744","85475","19170"
"0500000US51199","York County, Virginia","85634","28032","85634","28032","-","**"
"0500000US51510","Alexandria city, Virginia","50883","2441","51335","964","-","**"
"0500000US51550","Chesapeake city, Virginia","73219","21146","57314","25076","112418","86895"
"0500000US51650","Hampton city, Virginia","63809","21442","38269","53927","26198","976"
"0500000US51680","Lynchburg city, Virginia","34069","38628","31618","13466","31985","13271"
"0500000US51700","Newport News city, Virginia","45163","32180","44198","36992","44788","50888"
"0500000US51710","Norfolk city, Virginia","38533","15057","27163","15507","25235","21155"
"0500000US51770","Roanoke city, Virginia","47662","24267","46902","34318","29286","8111"
"0500000US51800","Suffolk city, Virginia","92397","35551","92209","39815","40185","27184"
"0500000US51810","Virginia Beach city, Virginia","84109","23601","71045","16524","44717","76853"
"0500000US53005","Benton County, Washington","62190","97693","37500","23311","-","**"
"0500000US53011","Clark County, Washington","60171","13033","77726","48616","44808","18728"
"0500000US53015","Cowlitz County, Washington","80354","35641","80784","23183","82263","22111"
"0500000US53025","Grant County, Washington","57328","27552","82065","24648","80380","31434"
"0500000US53029","Island County, Washington","62276","70707","55203","37646","2,500-","***"
"0500000US53033","King County, Washington","78478","11067","62578","11734","38561","24764"
"0500000US53053","Pierce County, Washington","70474","7547","60396","10710","46587","18561"
"0500000US53057","Skagit County, Washington","55700","39711","49338","59768","75476","48293"
"0500000US53061","Snohomish County, Washington","74201","8010","61768","27597","38141","21512"
"0500000US53063","Spokane County, Washington","44877","20853","41120","13600","29583","23957"
"0500000US53067","Thurston County, Washington","69078","56927","68156","59704","39390","24905"
"0500000US53077","Yakima County, Washington","43263","13622","34616","21745","23411","25598"
"0500000US54033","Harrison County, West Virginia","23984","40736","22639","19895","12067","8398"
"0500000US54039","Kanawha County, West Virginia","43461","2003","42881","2992","26632","31536"
"0500000US54061","Monongalia County, West Virginia","61273","15777","61608","19766","-","**"
"0500000US54107","Wood County, West Virginia","37447","24215","25622","3295","45714","43599"
"0500000US55009","Brown County, Wisconsin","36337","14789","33661","23493","46842","49351"
"0500000US55027","Dodge County, Wisconsin","52028","68888","135262","56740","-","**"
"0500000US55055","Jefferson County, Wisconsin","104000","31704","67667","24904","-","**"
"0500000US55059","Kenosha County, Wisconsin","65367","10005","65759","10481","51532","17137"
"0500000US55063","La Crosse County, Wisconsin","73552","3504","68750","802","-","**"
"0500000US55071","Manitowoc County, Wisconsin","48750","51998","50557","33959","51369","49"
"0500000US55073","Marathon County, Wisconsin","72890","26316","61037","40958","16479","4706"
"0500000US55079","Milwaukee County, Wisconsin","38978","7591","32880","5724","29191","11268"
"0500000US55087","Outagamie County, Wisconsin","52484","35222","50547","19469","36392","779"
"0500000US55089","Ozaukee County, Wisconsin","124681","44588","-","**","-","**"
"0500000US55101","Racine County, Wisconsin","55660","12877","41714","17595","51516","52859"
"0500000US55127","Walworth County, Wisconsin","67303","9910","65346","26489","55635","43907"
"0500000US55131","Washington County, Wisconsin","72266","43218","125701","68309","-","**"
"0500000US55133","Waukesha County, Wisconsin","76625","17903","80032","38522","81932","31834"
"0500000US55139","Winnebago County, Wisconsin","55487","8069","55974","3921","56149","26749"
"0500000US55141","Wood County, Wisconsin","49234","44056","48691","30100","48163","48401"
"0500000US56021","Laramie County, Wyoming","66205","38491","66183","45660","65335","71877"
"0500000US56025","Natrona County, Wyoming","62421","63288","61885","81088","61845","41537"
"0500000US72013","Arecibo Municipio, Puerto Rico","18445","29779","9634","3897","-","**"
"0500000US72021","Bayamón Municipio, Puerto Rico","29397","9112","31824","14049","22967","5659"
"0500000US72025","Caguas Municipio, Puerto Rico","32220","6005","31803","7610","30305","31661"
"0500000US72061","Guaynabo Municipio, Puerto Rico","28535","9815","27952","21313","-","**"
"0500000US72097","Mayagüez Municipio, Puerto Rico","28177","18067","29184","21818","2,500-","***"
"0500000US72113","Ponce Municipio, Puerto Rico","26604","10767","25446","18562","33518","34985"
"0500000US72127","San Juan Municipio, Puerto Rico","23105","6697","16463","9680","9899","10555"
"0500000US72135","Toa Alta Municipio, Puerto Rico","29164","9192","35370","32235","-","**"
"0500000US72137","Toa Baja Municipio, Puerto Rico","28386","11735","23692","11978","18805","6373"
"0500000US01003","Baldwin County, Alabama","44688","3124","45125","4576","41956","13808"
"0500000US01015","Calhoun County, Alabama","36756","8901","33614","13398","36396","22687"
"0500000US01051","Elmore County, Alabama","87375","21666","35869","11479","36437","21067"
"0500000US01069","Houston County, Alabama","39946","7087","39429","8729","32996","13279"
"0500000US01073","Jefferson County, Alabama","42853","8334","31416","1974","31527","7272"
"0500000US01089","Madison County, Alabama","51053","8593","51068","14472","52402","72216"
"0500000US01095","Marshall County, Alabama","46019","26056","47046","11096","46775","13996"
"0500000US01097","Mobile County, Alabama","48137","6490","43288","9441","25952","28190"
"0500000US01101","Montgomery County, Alabama","38173","8730","34301","12050","34355","17819"
"0500000US01103","Morgan County, Alabama","45876","13962","46740","9843","38658","17761"
"0500000US01115","St. Clair County, Alabama","39301","15369","39135","16172","31857","21243"
"0500000US01117","Shelby County, Alabama","90016","70425","90633","69679","90427","51149"
"0500000US01121","Talladega County, Alabama","48903","27249","36827","36947","48608","19219"
"0500000US01125","Tuscaloosa County, Alabama","24963","16875","24654","11563","68454","57521"
"0500000US01127","Walker County, Alabama","37404","18086","40786","21051","33029","42853"
"0500000US02090","Fairbanks North Star Borough, Alaska","57380","72024","115795","54220","-","**"
"0500000US02170","Matanuska-Susitna Borough, Alaska","72689","23519","69798","42095","73361","21020"
"0500000US04001","Apache County, Arizona","31545","4642","28997","9394","20977","19218"
"0500000US04003","Cochise County, Arizona","45383","24963","25570","16219","25350","21605"
"0500000US04013","Maricopa County, Arizona","54664","4745","50972","6427","39098","17066"
"0500000US04017","Navajo County, Arizona","42310","11898","36276","22401","23614","31970"
"0500000US04019","Pima County, Arizona","43373","7626","42246","8425","29674","14128"
"0500000US04021","Pinal County, Arizona","38695","11792","40985","17924","52048","30977"
"0500000US04027","Yuma County, Arizona","49361","25589","36049","17429","15792","7198"
"0500000US05007","Benton County, Arkansas","53669","15093","53517","29445","54188","37546"
"0500000US05031","Craighead County, Arkansas","29478","9629","31623","13976","38203","17959"
"0500000US05045","Faulkner County, Arkansas","45156","16964","60344","53097","41148","26344"
"0500000US05051","Garland County, Arkansas","37105","30382","36926","26288","35459","26122"
"0500000US05069","Jefferson County, Arkansas","45833","15235","51453","25331","46224","43022"
"0500000US05119","Pulaski County, Arkansas","49739","14459","43983","15851","39720","20200"
"0500000US05125","Saline County, Arkansas","54156","8016","39354","25970","40759","35369"
"0500000US05131","Sebastian County, Arkansas","33453","3364","33441","3697","30778","7260"
"0500000US05143","Washington County, Arkansas","46357","9865","42833","13230","30483","8521"
"0500000US05145","White County, Arkansas","62549","47756","62963","47013","62786","63230"
"0500000US06001","Alameda County, California","67038","9354","60328","16286","47449","10848"
"0500000US06007","Butte County, California","78743","16011","80287","28532","50789","80995"
"0500000US06013","Contra Costa County, California","76938","16092","69585","16508","70286","40881"
"0500000US06017","El Dorado County, California","64955","68381","95781","42898","-","**"
"0500000US06019","Fresno County, California","53178","3838","51490","13603","21223","24456"
"0500000US06025","Imperial County, California","41658","15604","27234","19862","21505","25183"
"0500000US06029","Kern County, California","52076","7383","48773","17680","35758","35194"
"0500000US06031","Kings County, California","41308","16261","29415","17735","15844","14875"
"0500000US06037","Los Angeles County, California","59396","2610","53468","4820","35017","4610"
"0500000US06039","Madera County, California","31465","29163","28841","26108","13378","13014"
"0500000US06041","Marin County, California","92098","61613","109023","2999","-","**"
"0500000US06045","Mendocino County, California","32654","15944","36793","9752","43731","40662"
"0500000US06047","Merced County, California","51908","14902","45298","19212","35428","26669"
"0500000US06053","Monterey County, California","67019","20575","63462","20229","25854","15239"
"0500000US06055","Napa County, California","73989","44185","54114","43334","53364","30992"
"0500000US06057","Nevada County, California","79462","42856","64332","36547","49080","29148"
"0500000US06059","Orange County, California","73259","6128","65281","12772","65194","15032"
"0500000US06061","Placer County, California","90036","29028","142358","133564","105746","39138"
"0500000US06065","Riverside County, California","64747","7243","64367","10035","42917","17269"
"0500000US06067","Sacramento County, California","57909","6544","53910","9900","35592","19319"
"0500000US06071","San Bernardino County, California","56131","6862","55227","6711","34040","4683"
"0500000US06073","San Diego County, California","57860","4958","45203","4592","36757","8411"
"0500000US06077","San Joaquin County, California","63608","8359","41017","18450","35534","12011"
"0500000US06079","San Luis Obispo County, California","64485","24417","35333","16164","28815","12960"
"0500000US06081","San Mateo County, California","88215","15164","77738","17124","60339","61547"
"0500000US06083","Santa Barbara County, California","71126","15386","71916","18647","70652","26639"
"0500000US06085","Santa Clara County, California","70291","8366","61983","13649","34875","20201"
"0500000US06089","Shasta County, California","62305","25894","76683","33822","98724","52691"
"0500000US06095","Solano County, California","89629","19505","82717","51411","52825","28000"
"0500000US06097","Sonoma County, California","76533","26556","57410","17086","55495","36901"
"0500000US06099","Stanislaus County, California","57009","13224","46712","14130","24260","23579"
"0500000US06101","Sutter County, California","57949","35984","59333","59314","-","**"
"0500000US06107","Tulare County, California","49831","7083","46739","9920","32682","6285"
"0500000US06111","Ventura County, California","68808","7021","68266","10121","45875","63577"
"0500000US06113","Yolo County, California","66190","14674","65582","18713","105194","80137"
"0500000US08001","Adams County, Colorado","74320","12234","78427","22595","80485","33125"
"0500000US08005","Arapahoe County, Colorado","52684","6157","51620","14163","52409","38837"
"0500000US08031","Denver County, Colorado","42257","8819","37221","12189","20746","10125"
"0500000US08035","Douglas County, Colorado","100100","49638","146486","83353","-","**"
"0500000US08041","El Paso County, Colorado","64466","12914","59207","14877","65536","26670"
"0500000US08059","Jefferson County, Colorado","67302","8605","67719","10371","33775","38019"
"0500000US08101","Pueblo County, Colorado","32467","13569","31983","12115","29613","5678"
"0500000US08123","Weld County, Colorado","53705","10409","40815","24979","27412","14720"
"0500000US09001","Fairfield County, Connecticut","62819","8101","60333","28076","82724","68035"
"0500000US09003","Hartford County, Connecticut","66376","13031","51365","20205","29157","15658"
"0500000US09009","New Haven County, Connecticut","79406","5152","55483","26084","27659","14169"
"0500000US09011","New London County, Connecticut","108300","58341","79255","31658","41522","44215"
"0500000US09015","Windham County, Connecticut","54678","47785","53957","49949","53535","25493"
"0500000US10001","Kent County, Delaware","60957","19021","44899","30563","36133","4714"
"0500000US10003","New Castle County, Delaware","61910","20124","47926","21053","21698","12062"
"0500000US10005","Sussex County, Delaware","41776","15159","48707","21777","30438","14259"
"0500000US11001","District of Columbia, District of Columbia","45727","12047","38405","17288","39674","31351"
"0500000US12005","Bay County, Florida","45906","19467","45534","15280","32788","21203"
"0500000US12009","Brevard County, Florida","55405","15865","41617","13473","14105","17846"
"0500000US12011","Broward County, Florida","53875","4454","49931","10140","32538","14890"
"0500000US12015","Charlotte County, Florida","49983","62647","42269","34233","37027","21768"
"0500000US12019","Clay County, Florida","54984","16676","62645","17816","50681","7472"
"0500000US12021","Collier County, Florida","41452","10078","41186","9452","31270","39522"
"0500000US12023","Columbia County, Florida","55896","36207","43052","66390","43198","12389"
"0500000US12031","Duval County, Florida","50369","9820","42711","6957","35076","18360"
"0500000US12055","Highlands County, Florida","18419","15712","18780","13086","2,500-","***"
"0500000US12057","Hillsborough County, Florida","38814","8563","37362","10986","31316","7669"
"0500000US12061","Indian River County, Florida","63161","37955","113876","64302","-","**"
"0500000US12069","Lake County, Florida","56341","13682","61535","22359","34401","46324"
"0500000US12071","Lee County, Florida","47665","11983","36910","16831","21912","11975"
"0500000US12073","Leon County, Florida","30038","34597","25856","31075","58101","20477"
"0500000US12081","Manatee County, Florida","54932","16206","54675","14106","33229","26632"
"0500000US12083","Marion County, Florida","42368","12750","41020","14424","35215","35685"
"0500000US12086","Miami-Dade County, Florida","46356","4824","39955","3804","30546","3499"
"0500000US12087","Monroe County, Florida","44388","19089","42681","44125","21124","17809"
"0500000US12089","Nassau County, Florida","34079","57850","2,500-","***","-","**"
"0500000US12091","Okaloosa County, Florida","51630","12641","64393","52111","-","**"
"0500000US12095","Orange County, Florida","46387","5161","37887","6411","18962","7779"
"0500000US12097","Osceola County, Florida","61229","8389","64511","9570","65354","22840"
"0500000US12099","Palm Beach County, Florida","46913","11729","40440","8115","24779","14507"
"0500000US12101","Pasco County, Florida","46173","13333","31530","19927","39534","26512"
"0500000US12103","Pinellas County, Florida","50971","9483","56410","9435","53401","31139"
"0500000US12105","Polk County, Florida","48857","5277","47768","8559","16278","7839"
"0500000US12109","St. Johns County, Florida","45769","11720","37982","30115","55524","11261"
"0500000US12111","St. Lucie County, Florida","39027","18917","36226","13131","9991","12422"
"0500000US12113","Santa Rosa County, Florida","29722","24875","24150","12133","19794","12302"
"0500000US12115","Sarasota County, Florida","44028","12365","43225","16524","44688","45813"
"0500000US12117","Seminole County, Florida","56592","13784","47348","23919","33115","19623"
"0500000US12119","Sumter County, Florida","61964","93588","28516","16140","-","**"
"0500000US12127","Volusia County, Florida","46787","6018","46592","7842","45015","14680"
"0500000US13013","Barrow County, Georgia","50950","31794","52333","47654","50408","14372"
"0500000US13015","Bartow County, Georgia","60309","36208","44693","34825","-","**"
"0500000US13021","Bibb County, Georgia","29245","13433","38013","16779","27834","19435"
"0500000US13045","Carroll County, Georgia","67746","29661","53349","52653","52821","48103"
"0500000US13051","Chatham County, Georgia","40138","15489","31475","12386","26994","5841"
"0500000US13057","Cherokee County, Georgia","66779","17013","66090","12402","41991","40318"
"0500000US13059","Clarke County, Georgia","63519","30721","45478","39373","56920","18214"
"0500000US13063","Clayton County, Georgia","39592","17467","29543","3407","26958","15016"
"0500000US13067","Cobb County, Georgia","56314","31603","44203","7300","24688","10352"
"0500000US13077","Coweta County, Georgia","58472","16722","57011","35231","-","**"
"0500000US13089","DeKalb County, Georgia","40622","4431","43009","7742","39141","23418"
"0500000US13095","Dougherty County, Georgia","30348","11342","26591","15648","35213","28882"
"0500000US13097","Douglas County, Georgia","57446","9058","58612","5589","-","**"
"0500000US13113","Fayette County, Georgia","121113","26052","121309","28426","213080","302271"
"0500000US13115","Floyd County, Georgia","66555","23748","66513","25952","101591","47000"
"0500000US13121","Fulton County, Georgia","43978","10531","36288","13056","18163","16038"
"0500000US13135","Gwinnett County, Georgia","78046","19401","64793","21371","60478","27127"
"0500000US13139","Hall County, Georgia","42581","20396","28250","14376","14291","10284"
"0500000US13153","Houston County, Georgia","50998","5632","50272","17837","50317","47003"
"0500000US13185","Lowndes County, Georgia","46391","17842","48476","24473","13922","9002"
"0500000US13215","Muscogee County, Georgia","42127","14231","40198","14853","31241","23827"
"0500000US13217","Newton County, Georgia","67772","34819","77404","31892","76003","17293"
"0500000US13245","Richmond County, Georgia","41056","25003","34346","39308","54469","27179"
"0500000US13247","Rockdale County, Georgia","42041","24761","40698","25112","-","**"
"0500000US13295","Walker County, Georgia","18758","20447","14908","10127","32625","32436"
"0500000US13297","Walton County, Georgia","81388","25757","117648","112648","70198","16229"
"0500000US13313","Whitfield County, Georgia","37251","15884","30534","18630","30047","34209"
"0500000US15003","Honolulu County, Hawaii","111148","16517","83479","17506","57757","23025"
"0500000US16001","Ada County, Idaho","64006","18481","44519","4085","31074","17778"
"0500000US16005","Bannock County, Idaho","37512","6441","37512","6441","32676","13126"
"0500000US16027","Canyon County, Idaho","43121","14456","41271","14681","30399","30749"
"0500000US16055","Kootenai County, Idaho","48766","3806","49151","19068","-","**"
"0500000US17001","Adams County, Illinois","40778","17304","27697","14078","27556","31486"
"0500000US17031","Cook County, Illinois","49218","3344","42381","5813","27249","7274"
"0500000US17037","DeKalb County, Illinois","63892","26035","94236","57807","-","**"
"0500000US17043","DuPage County, Illinois","77710","13217","70697","19155","112753","107553"
"0500000US17089","Kane County, Illinois","63586","7081","62346","16154","98142","138515"
"0500000US17091","Kankakee County, Illinois","52787","9186","41603","31236","55082","64404"
"0500000US17097","Lake County, Illinois","74891","11099","80330","39313","32430","19078"
"0500000US17111","McHenry County, Illinois","80663","22480","69603","27754","-","**"
"0500000US17115","Macon County, Illinois","37413","15452","35552","18183","32179","8960"
"0500000US17119","Madison County, Illinois","41605","25432","52340","56218","54550","48340"
"0500000US17143","Peoria County, Illinois","27261","10770","26113","1670","25702","6249"
"0500000US17161","Rock Island County, Illinois","44793","19426","42825","46594","15139","10712"
"0500000US17163","St. Clair County, Illinois","48446","15243","26919","11744","16111","12054"
"0500000US17179","Tazewell County, Illinois","60872","20876","54688","35410","-","**"
"0500000US17183","Vermilion County, Illinois","32780","2592","55987","51321","55921","56711"
"0500000US17197","Will County, Illinois","76005","7141","86447","18833","72544","52603"
"0500000US17199","Williamson County, Illinois","40714","16842","31750","19752","60646","16350"
"0500000US17201","Winnebago County, Illinois","38367","8717","35591","18070","19239","10414"
"0500000US18003","Allen County, Indiana","47098","12938","43519","13212","36467","9609"
"0500000US18005","Bartholomew County, Indiana","44641","12001","48438","33541","61655","68691"
"0500000US18019","Clark County, Indiana","59416","13519","57777","6375","59386","2358"
"0500000US18043","Floyd County, Indiana","55767","26491","56172","15385","55674","52529"
"0500000US18053","Grant County, Indiana","59280","39094","44639","47999","43822","37237"
"0500000US18059","Hancock County, Indiana","47862","111306","-","**","-","**"
"0500000US18067","Howard County, Indiana","43822","6556","46028","26044","-","**"
"0500000US18081","Johnson County, Indiana","52571","29070","53214","21996","53807","28127"
"0500000US18089","Lake County, Indiana","52292","10443","51316","7185","33762","15717"
"0500000US18095","Madison County, Indiana","51953","24836","26732","21644","26263","14096"
"0500000US18097","Marion County, Indiana","45851","7663","38464","7281","29386","5522"
"0500000US18109","Morgan County, Indiana","38090","17362","35553","20555","23879","25263"
"0500000US18127","Porter County, Indiana","65976","17790","54739","33685","54328","56968"
"0500000US18141","St. Joseph County, Indiana","43516","12538","41467","15899","40345","51989"
"0500000US18157","Tippecanoe County, Indiana","53739","2625","52937","7337","37232","24985"
"0500000US18163","Vanderburgh County, Indiana","42760","11784","33365","28135","14145","13889"
"0500000US18167","Vigo County, Indiana","53418","37640","47810","18125","47618","38542"
"0500000US18177","Wayne County, Indiana","53736","29366","69108","15982","51080","25567"
"0500000US19049","Dallas County, Iowa","22181","102510","70848","69853","-","**"
"0500000US19061","Dubuque County, Iowa","48497","16236","48908","18769","-","**"
"0500000US19153","Polk County, Iowa","41396","17303","35720","15533","46106","35328"
"0500000US19155","Pottawattamie County, Iowa","62679","17976","60450","28158","36963","52994"
"0500000US19163","Scott County, Iowa","56400","45256","55625","16539","53325","29533"
"0500000US19169","Story County, Iowa","108516","765","108516","765","-","**"
"0500000US19193","Woodbury County, Iowa","56250","19749","56990","24715","58433","8260"
"0500000US20015","Butler County, Kansas","50996","60538","50579","24334","50061","33619"
"0500000US20045","Douglas County, Kansas","37746","27417","50568","39878","19886","22279"
"0500000US20091","Johnson County, Kansas","81250","18079","52729","18775","46021","19983"
"0500000US20103","Leavenworth County, Kansas","32500","20158","24131","11113","24034","10308"
"0500000US20161","Riley County, Kansas","9522","72821","-","**","-","**"
"0500000US20173","Sedgwick County, Kansas","56881","9123","44965","19143","35862","43053"
"0500000US21015","Boone County, Kentucky","66138","21111","61968","29767","61436","63534"
"0500000US21029","Bullitt County, Kentucky","74859","20073","68750","56492","32463","19998"
"0500000US21059","Daviess County, Kentucky","34643","28960","45527","31989","33750","37998"
"0500000US21067","Fayette County, Kentucky","43636","13384","42729","22499","43234","18020"
"0500000US21111","Jefferson County, Kentucky","52660","10766","46905","17124","34466","19274"
"0500000US21145","McCracken County, Kentucky","24812","11896","47146","25821","-","**"
"0500000US21151","Madison County, Kentucky","92954","36152","93222","72363","-","**"
"0500000US21195","Pike County, Kentucky","26033","31460","60608","2358","60313","35287"
"0500000US22005","Ascension Parish, Louisiana","50952","29384","67407","61860","73750","34022"
"0500000US22015","Bossier Parish, Louisiana","68047","24388","45493","26176","202987","241001"
"0500000US22017","Caddo Parish, Louisiana","40352","12928","30897","6254","19591","19769"
"0500000US22019","Calcasieu Parish, Louisiana","31391","8839","33892","6879","36968","15593"
"0500000US22055","Lafayette Parish, Louisiana","37093","16246","47078","29179","75933","63721"
"0500000US22057","Lafourche Parish, Louisiana","49548","49443","39444","38612","18635","12299"
"0500000US22063","Livingston Parish, Louisiana","28421","36689","24715","25603","71250","59387"
"0500000US22071","Orleans Parish, Louisiana","30772","7897","24522","10431","13224","3770"
"0500000US22079","Rapides Parish, Louisiana","36675","13194","31466","13976","30397","25239"
"0500000US22097","St. Landry Parish, Louisiana","32253","6673","31241","3804","20909","16703"
"0500000US22103","St. Tammany Parish, Louisiana","83082","22327","87750","35030","48867","64730"
"0500000US22109","Terrebonne Parish, Louisiana","65596","18452","73628","16209","60836","39191"
"0500000US23003","Aroostook County, Maine","29207","3391","28241","2175","-","**"
"0500000US23005","Cumberland County, Maine","71232","25560","70804","44150","64773","25533"
"0500000US23011","Kennebec County, Maine","39058","9357","38904","5395","39317","2426"
"0500000US23031","York County, Maine","72992","5603","71577","18398","75331","38541"
"0500000US24003","Anne Arundel County, Maryland","92182","18510","69852","34429","84221","57595"
"0500000US24005","Baltimore County, Maryland","55726","13594","50840","13340","65047","29312"
"0500000US24009","Calvert County, Maryland","100694","46100","56829","52410","70106","27600"
"0500000US24013","Carroll County, Maryland","114315","33769","95090","41405","76301","38464"
"0500000US24021","Frederick County, Maryland","62212","23089","51109","31200","50464","64984"
"0500000US24025","Harford County, Maryland","85364","35474","83983","26588","47001","8406"
"0500000US24027","Howard County, Maryland","100511","25948","81201","41445","-","**"
"0500000US24033","Prince George's County, Maryland","82187","8814","64736","16637","58872","27916"
"0500000US24037","St. Mary's County, Maryland","202696","76479","230691","75535","-","**"
"0500000US24510","Baltimore city, Maryland","38949","9903","32137","4733","25733","17578"
"0500000US25011","Franklin County, Massachusetts","73917","20864","-","**","-","**"
"0500000US25013","Hampden County, Massachusetts","53179","5986","53117","6648","46802","46278"
"0500000US25017","Middlesex County, Massachusetts","94533","5290","75488","41338","36388","8148"
"0500000US25021","Norfolk County, Massachusetts","94259","37359","155309","60630","56903","33251"
"0500000US25023","Plymouth County, Massachusetts","73732","10322","64639","24367","46609","21711"
"0500000US25025","Suffolk County, Massachusetts","56881","10951","45849","17824","27165","33566"
"0500000US25027","Worcester County, Massachusetts","71308","10532","64304","44212","30854","14414"
"0500000US26017","Bay County, Michigan","44241","9114","41585","19402","48445","13814"
"0500000US26025","Calhoun County, Michigan","56184","9736","49051","17561","57705","20133"
"0500000US26049","Genesee County, Michigan","39893","10032","40871","19631","40192","48148"
"0500000US26055","Grand Traverse County, Michigan","68247","50518","105959","762","-","**"
"0500000US26073","Isabella County, Michigan","36250","46275","26513","9506","25395","22730"
"0500000US26077","Kalamazoo County, Michigan","55000","25925","62649","26603","62757","34239"
"0500000US26081","Kent County, Michigan","45627","5277","34578","14258","30336","12641"
"0500000US26091","Lenawee County, Michigan","95366","39014","107735","59846","-","**"
"0500000US26099","Macomb County, Michigan","42447","10616","40538","6320","36041","13122"
"0500000US26115","Monroe County, Michigan","59035","14541","65804","22045","28542","18439"
"0500000US26121","Muskegon County, Michigan","43232","10258","46899","19964","54875","30450"
"0500000US26125","Oakland County, Michigan","61186","9926","59446","17503","66661","18582"
"0500000US26139","Ottawa County, Michigan","61264","14088","67773","17962","17962","12288"
"0500000US26145","Saginaw County, Michigan","42436","12279","43031","13200","34303","14350"
"0500000US26155","Shiawassee County, Michigan","60760","27830","60845","33193","60777","53747"
"0500000US26161","Washtenaw County, Michigan","67139","16290","68210","29455","69865","50830"
"0500000US26163","Wayne County, Michigan","38447","4615","33446","3475","31474","6162"
"0500000US27003","Anoka County, Minnesota","88472","12340","75578","6881","67217","27184"
"0500000US27037","Dakota County, Minnesota","63075","19022","62725","31930","38944","43232"
"0500000US27053","Hennepin County, Minnesota","55235","11565","55383","16408","33352","14614"
"0500000US27109","Olmsted County, Minnesota","77712","22933","86098","71228","56528","27870"
"0500000US27137","St. Louis County, Minnesota","59100","18567","59414","26413","41094","56618"
"0500000US27139","Scott County, Minnesota","63339","25521","32315","41161","60922","23841"
"0500000US27141","Sherburne County, Minnesota","68692","47171","53016","18349","-","**"
"0500000US27145","Stearns County, Minnesota","50679","33716","29782","24437","-","**"
"0500000US27163","Washington County, Minnesota","54746","42466","36909","20919","33561","5637"
"0500000US28033","DeSoto County, Mississippi","49495","14309","44487","10514","28250","9264"
"0500000US28035","Forrest County, Mississippi","35139","15647","31352","13752","35389","13605"
"0500000US28049","Hinds County, Mississippi","35315","7816","31013","18495","19262","11726"
"0500000US28067","Jones County, Mississippi","31431","5884","31977","6457","35224","29725"
"0500000US28075","Lauderdale County, Mississippi","50149","18659","51273","31711","43992","11976"
"0500000US28081","Lee County, Mississippi","46121","10063","47042","13866","16737","7915"
"0500000US28089","Madison County, Mississippi","67014","41617","98063","52854","126875","32704"
"0500000US28121","Rankin County, Mississippi","42040","27987","46397","38106","41126","4445"
"0500000US29019","Boone County, Missouri","29209","57762","15176","3517","-","**"
"0500000US29031","Cape Girardeau County, Missouri","58031","47327","24447","33552","24002","7184"
"0500000US29037","Cass County, Missouri","48776","70826","89692","41398","40099","52940"
"0500000US29043","Christian County, Missouri","52629","9328","53534","30010","53534","30010"
"0500000US29047","Clay County, Missouri","67161","16599","47596","25862","37120","43804"
"0500000US29051","Cole County, Missouri","58063","125566","46154","16421","-","**"
"0500000US29071","Franklin County, Missouri","60173","7396","61297","11602","-","**"
"0500000US29095","Jackson County, Missouri","54452","13511","43945","11271","38750","15875"
"0500000US29099","Jefferson County, Missouri","71044","19853","71868","21937","85857","25748"
"0500000US29183","St. Charles County, Missouri","72279","22552","58098","39726","33464","37835"
"0500000US29189","St. Louis County, Missouri","60011","10962","52877","14649","36054","11712"
"0500000US29510","St. Louis city, Missouri","37930","9259","42602","16539","19695","7573"
"0500000US30031","Gallatin County, Montana","-","**","-","**","-","**"
"0500000US30063","Missoula County, Montana","62237","85878","21635","27506","17315","7926"
"0500000US31055","Douglas County, Nebraska","45521","10006","34431","14027","25408","15368"
"0500000US32003","Clark County, Nevada","60576","5941","55962","7337","33832","10887"
"0500000US32031","Washoe County, Nevada","72037","25497","44559","61400","34796","9391"
"0500000US33009","Grafton County, New Hampshire","74868","50467","103068","62331","73991","21243"
"0500000US33011","Hillsborough County, New Hampshire","87027","30716","68843","31647","37716","52270"
"0500000US33013","Merrimack County, New Hampshire","87668","23421","90702","52215","64879","6947"
"0500000US33015","Rockingham County, New Hampshire","85901","32875","76610","15141","84112","33255"
"0500000US33017","Strafford County, New Hampshire","90104","29536","78240","48368","77591","103444"
"0500000US34001","Atlantic County, New Jersey","54389","14347","50417","19433","53529","4392"
"0500000US34003","Bergen County, New Jersey","101274","24123","71177","21288","68750","105238"
"0500000US34005","Burlington County, New Jersey","95667","20147","78834","25998","59268","23090"
"0500000US34007","Camden County, New Jersey","86966","7462","88040","17410","74580","57937"
"0500000US34013","Essex County, New Jersey","44018","13448","26411","11101","12853","18056"
"0500000US34015","Gloucester County, New Jersey","57930","11335","51467","24006","33396","31966"
"0500000US34017","Hudson County, New Jersey","48059","7690","40160","3366","23470","27248"
"0500000US34019","Hunterdon County, New Jersey","98853","24817","-","**","-","**"
"0500000US34023","Middlesex County, New Jersey","69251","8760","68826","10381","60549","65734"
"0500000US34027","Morris County, New Jersey","108269","63089","114098","80247","-","**"
"0500000US34029","Ocean County, New Jersey","48780","12930","46592","17096","14580","10500"
"0500000US34037","Sussex County, New Jersey","113553","48100","66719","114793","45463","271"
"0500000US34039","Union County, New Jersey","73144","12573","73426","14080","47799","65546"
"0500000US35001","Bernalillo County, New Mexico","54496","8171","50865","6942","48228","13929"
"0500000US35005","Chaves County, New Mexico","53162","42748","38995","23436","27241","23557"
"0500000US35013","Do?a Ana County, New Mexico","32957","5639","32557","13889","23043","13094"
"0500000US35031","McKinley County, New Mexico","37756","16025","38307","16003","48185","32346"
"0500000US35043","Sandoval County, New Mexico","78373","40229","49130","26055","56159","7166"
"0500000US35049","Santa Fe County, New Mexico","51045","18487","52060","35364","50802","42387"
"0500000US35061","Valencia County, New Mexico","52193","25983","50123","23938","50652","14585"
"0500000US36005","Bronx County, New York","30105","8992","23916","4075","12147","7560"
"0500000US36007","Broome County, New York","55116","24152","55568","32902","45991","11473"
"0500000US36009","Cattaraugus County, New York","50043","22245","50316","12788","47743","50616"
"0500000US36013","Chautauqua County, New York","47965","48599","23838","15391","23331","6489"
"0500000US36019","Clinton County, New York","65958","29788","50903","40136","33750","31783"
"0500000US36027","Dutchess County, New York","70124","24301","42031","25531","22165","12387"
"0500000US36029","Erie County, New York","50417","13894","43208","10854","29903","8581"
"0500000US36047","Kings County, New York","45381","5262","32482","10927","17072","3810"
"0500000US36051","Livingston County, New York","92734","58086","38542","20778","29492","15585"
"0500000US36055","Monroe County, New York","45755","6626","42983","10013","34531","13155"
"0500000US36059","Nassau County, New York","95505","24252","61804","7235","51891","33019"
"0500000US36061","New York County, New York","38549","6481","32078","10713","13601","13353"
"0500000US36063","Niagara County, New York","52727","46437","16610","6341","16563","7985"
"0500000US36067","Onondaga County, New York","55615","8705","39040","13628","14515","15910"
"0500000US36069","Ontario County, New York","98446","131979","46850","5263","33125","5316"
"0500000US36075","Oswego County, New York","64915","35940","29799","5447","21610","6638"
"0500000US36079","Putnam County, New York","113177","38884","140043","104864","-","**"
"0500000US36081","Queens County, New York","71866","7685","65355","10807","50252","48995"
"0500000US36085","Richmond County, New York","78590","41930","52381","33279","50714","55521"
"0500000US36087","Rockland County, New York","114381","20760","86774","31462","119784","47622"
"0500000US36089","St. Lawrence County, New York","70797","5978","44241","39703","42693","38327"
"0500000US36101","Steuben County, New York","59564","51148","57820","20135","58270","39263"
"0500000US36103","Suffolk County, New York","80005","14440","71099","12716","34966","26601"
"0500000US36111","Ulster County, New York","100605","96985","45339","21768","-","**"
"0500000US36117","Wayne County, New York","55769","42860","75080","30358","76277","63364"
"0500000US36119","Westchester County, New York","94463","24084","78550","22016","98226","18664"
"0500000US37021","Buncombe County, North Carolina","33844","21840","37824","22868","37824","39852"
"0500000US37031","Carteret County, North Carolina","62815","35692","47007","30527","46083","846"
"0500000US37035","Catawba County, North Carolina","50369","22559","31642","30885","23623","18686"
"0500000US37045","Cleveland County, North Carolina","48173","10328","50971","13675","41437","14813"
"0500000US37049","Craven County, North Carolina","50411","27988","42193","28531","35710","13005"
"0500000US37051","Cumberland County, North Carolina","43194","11176","43994","22867","23516","17659"
"0500000US37057","Davidson County, North Carolina","61116","41541","86875","104018","90369","54109"
"0500000US37063","Durham County, North Carolina","40885","9544","40382","9721","40243","24205"
"0500000US37067","Forsyth County, North Carolina","45285","8124","42354","11243","22892","16717"
"0500000US37071","Gaston County, North Carolina","42122","8410","45677","5470","27763","25198"
"0500000US37081","Guilford County, North Carolina","50534","33442","40671","27198","33150","24233"
"0500000US37097","Iredell County, North Carolina","31649","3587","31250","1137","30663","25605"
"0500000US37101","Johnston County, North Carolina","37537","7620","35459","11203","30330","17876"
"0500000US37109","Lincoln County, North Carolina","25777","4028","25121","10697","-","**"
"0500000US37119","Mecklenburg County, North Carolina","37903","13023","31279","2543","28788","13955"
"0500000US37125","Moore County, North Carolina","37563","27752","52076","27305","76351","1750"
"0500000US37127","Nash County, North Carolina","49225","14008","49560","14339","37423","41344"
"0500000US37133","Onslow County, North Carolina","78060","19895","64740","49690","83750","65867"
"0500000US37135","Orange County, North Carolina","43250","52749","26513","25072","-","**"
"0500000US37151","Randolph County, North Carolina","34443","7190","30405","10826","34231","4604"
"0500000US37155","Robeson County, North Carolina","35422","17126","27199","19992","10862","3450"
"0500000US37157","Rockingham County, North Carolina","31696","46982","52581","35966","28220","33604"
"0500000US37159","Rowan County, North Carolina","38913","9141","32089","17018","29911","18798"
"0500000US37161","Rutherford County, North Carolina","23698","13106","15439","22209","12097","2272"
"0500000US37179","Union County, North Carolina","38984","16783","27128","11716","19167","4580"
"0500000US37183","Wake County, North Carolina","60905","19086","56389","29333","29129","28857"
"0500000US37191","Wayne County, North Carolina","43349","16297","45190","25195","46141","28486"
"0500000US37195","Wilson County, North Carolina","29123","27042","28506","29286","27516","14021"
"0500000US38035","Grand Forks County, North Dakota","-","**","-","**","-","**"
"0500000US39003","Allen County, Ohio","32270","25240","24647","11645","-","**"
"0500000US39007","Ashtabula County, Ohio","72865","42309","45040","33982","40640","24831"
"0500000US39013","Belmont County, Ohio","77067","31509","90246","65376","58829","1081"
"0500000US39017","Butler County, Ohio","46908","15826","45628","16354","32016","15170"
"0500000US39023","Clark County, Ohio","31669","9178","31650","9348","30604","16746"
"0500000US39029","Columbiana County, Ohio","22021","23843","19377","13776","30064","8144"
"0500000US39035","Cuyahoga County, Ohio","41983","5775","38502","8152","24623","14456"
"0500000US39041","Delaware County, Ohio","54808","34540","62821","35814","64696","25607"
"0500000US39043","Erie County, Ohio","52259","10549","27355","16688","28365","19845"
"0500000US39045","Fairfield County, Ohio","59347","27028","64557","55690","68372","5064"
"0500000US39049","Franklin County, Ohio","48316","2352","45876","9477","41521","14226"
"0500000US39055","Geauga County, Ohio","39455","30505","38839","43930","3901","487"
"0500000US39057","Greene County, Ohio","36199","17208","25987","8630","26823","12886"
"0500000US39061","Hamilton County, Ohio","37111","15984","29294","15339","20816","6259"
"0500000US39063","Hancock County, Ohio","56840","23612","41635","40940","57361","32554"
"0500000US39081","Jefferson County, Ohio","83940","34080","84760","84395","-","**"
"0500000US39089","Licking County, Ohio","60225","23370","44762","29852","82610","65508"
"0500000US39093","Lorain County, Ohio","36968","14019","33058","5209","34485","17329"
"0500000US39095","Lucas County, Ohio","32867","9398","26904","5599","24773","7641"
"0500000US39099","Mahoning County, Ohio","39168","3777","32736","7358","28186","32317"
"0500000US39101","Marion County, Ohio","54781","37263","52948","29873","40881","28112"
"0500000US39113","Montgomery County, Ohio","47366","15791","47215","18935","38000","13977"
"0500000US39119","Muskingum County, Ohio","46148","19892","46541","15215","46442","12051"
"0500000US39133","Portage County, Ohio","56423","29622","55650","28367","60634","66030"
"0500000US39145","Scioto County, Ohio","36768","15097","28649","10804","24712","21043"
"0500000US39153","Summit County, Ohio","52568","19984","47880","27298","27589","19598"
"0500000US39155","Trumbull County, Ohio","45975","13865","36799","14005","37321","19566"
"0500000US39157","Tuscarawas County, Ohio","53181","24339","43409","29263","63663","21421"
"0500000US39165","Warren County, Ohio","60711","31560","65164","6832","15110","6568"
"0500000US39173","Wood County, Ohio","59434","27123","39384","36389","58573","10945"
"0500000US40017","Canadian County, Oklahoma","47131","43064","43525","3684","41319","32658"
"0500000US40027","Cleveland County, Oklahoma","55010","23512","46026","11928","41341","26685"
"0500000US40031","Comanche County, Oklahoma","51761","28416","60300","24061","70909","81149"
"0500000US40037","Creek County, Oklahoma","70434","33364","61552","29945","70663","22738"
"0500000US40109","Oklahoma County, Oklahoma","41334","7194","30463","7573","21338","4647"
"0500000US40125","Pottawatomie County, Oklahoma","50164","23343","35980","19748","29514","39305"
"0500000US40143","Tulsa County, Oklahoma","41183","12225","33340","3694","51574","29272"
"0500000US41003","Benton County, Oregon","71356","15900","-","**","-","**"
"0500000US41005","Clackamas County, Oregon","73842","17050","50588","32944","33679","31412"
"0500000US41017","Deschutes County, Oregon","33067","5531","31307","8801","31868","7426"
"0500000US41019","Douglas County, Oregon","31096","22932","24880","14955","30263","41523"
"0500000US41035","Klamath County, Oregon","47083","33425","50170","26647","-","**"
"0500000US41039","Lane County, Oregon","44303","9969","36400","17487","27664","25459"
"0500000US41043","Linn County, Oregon","44466","3938","42701","12311","-","**"
"0500000US41047","Marion County, Oregon","54418","18097","44186","21667","44263","38752"
"0500000US41051","Multnomah County, Oregon","51035","10068","51641","10349","29189","24350"
"0500000US41053","Polk County, Oregon","65272","35505","53961","52338","-","**"
"0500000US41059","Umatilla County, Oregon","59757","16888","45818","21568","46096","58946"
"0500000US41067","Washington County, Oregon","57583","11671","46973","17807","36103","5584"
"0500000US42003","Allegheny County, Pennsylvania","55646","6520","47775","8203","32500","25682"
"0500000US42007","Beaver County, Pennsylvania","69093","16912","54514","29194","42043","21104"
"0500000US42011","Berks County, Pennsylvania","62803","20607","43307","16844","17416","18113"
"0500000US42013","Blair County, Pennsylvania","36154","16871","34518","27964","2,500-","***"
"0500000US42017","Bucks County, Pennsylvania","92077","29785","100972","33944","73613","42970"
"0500000US42019","Butler County, Pennsylvania","60589","28065","61481","29029","42418","52710"
"0500000US42021","Cambria County, Pennsylvania","36707","17493","35595","17999","35661","37584"
"0500000US42025","Carbon County, Pennsylvania","56296","16029","53245","38404","53990","8788"
"0500000US42027","Centre County, Pennsylvania","53571","4998","52854","16635","54397","37766"
"0500000US42029","Chester County, Pennsylvania","77987","21662","67725","28482","58767","60438"
"0500000US42041","Cumberland County, Pennsylvania","74549","38967","69526","62503","36938","37339"
"0500000US42045","Delaware County, Pennsylvania","57455","16066","41266","13087","26511","8266"
"0500000US42049","Erie County, Pennsylvania","68974","12904","57813","23953","49898","32615"
"0500000US42051","Fayette County, Pennsylvania","36534","14922","32560","20776","33512","8703"
"0500000US42055","Franklin County, Pennsylvania","52017","12616","49184","4525","42192","12498"
"0500000US42069","Lackawanna County, Pennsylvania","54054","21956","38989","25141","38279","33726"
"0500000US42071","Lancaster County, Pennsylvania","54775","5226","52500","8947","38262","41825"
"0500000US42073","Lawrence County, Pennsylvania","55080","20322","55346","42214","48242","43992"
"0500000US42077","Lehigh County, Pennsylvania","60962","14508","52565","11472","49496","56625"
"0500000US42079","Luzerne County, Pennsylvania","56284","4429","52438","8428","51345","26357"
"0500000US42081","Lycoming County, Pennsylvania","55239","8932","52809","8631","-","**"
"0500000US42085","Mercer County, Pennsylvania","57456","15451","46647","17342","46166","6992"
"0500000US42091","Montgomery County, Pennsylvania","94088","26230","59271","8212","66489","10197"
"0500000US42095","Northampton County, Pennsylvania","62317","14352","53662","6169","53355","6086"
"0500000US42097","Northumberland County, Pennsylvania","56061","36867","29604","4887","29349","2015"
"0500000US42101","Philadelphia County, Pennsylvania","38416","7278","31471","5893","16668","12772"
"0500000US42107","Schuylkill County, Pennsylvania","39066","8561","38088","11392","28088","15412"
"0500000US42125","Washington County, Pennsylvania","55799","14442","48818","7683","47353","24742"
"0500000US42129","Westmoreland County, Pennsylvania","43374","13780","31338","19019","14392","7518"
"0500000US42133","York County, Pennsylvania","57124","16979","53328","3782","52594","49137"
"0500000US44003","Kent County, Rhode Island","71114","29848","39333","46533","48750","8738"
"0500000US44005","Newport County, Rhode Island","146136","116953","-","**","-","**"
"0500000US44007","Providence County, Rhode Island","56576","11216","50835","32881","9407","11263"
"0500000US44009","Washington County, Rhode Island","125359","110522","125496","109937","-","**"
"0500000US45003","Aiken County, South Carolina","48002","18266","33615","25066","46418","30950"
"0500000US45007","Anderson County, South Carolina","35021","20838","23883","3055","17440","30853"
"0500000US45015","Berkeley County, South Carolina","56724","10800","53967","8215","45762","81016"
"0500000US45019","Charleston County, South Carolina","36477","25852","32397","24202","8842","4618"
"0500000US45035","Dorchester County, South Carolina","68029","16040","50731","37465","51981","34082"
"0500000US45041","Florence County, South Carolina","35368","9148","24764","7203","25334","18582"
"0500000US45045","Greenville County, South Carolina","48621","18081","30378","25862","42196","27690"
"0500000US45047","Greenwood County, South Carolina","39809","11595","35680","27412","42018","41548"
"0500000US45051","Horry County, South Carolina","32876","6777","29159","7499","28584","2141"
"0500000US45057","Lancaster County, South Carolina","30630","17718","38504","12092","29337","2681"
"0500000US45063","Lexington County, South Carolina","52035","11234","55771","10412","55955","40442"
"0500000US45073","Oconee County, South Carolina","40354","30957","28533","6560","-","**"
"0500000US45077","Pickens County, South Carolina","27243","16951","21850","13008","20700","4563"
"0500000US45079","Richland County, South Carolina","38630","9946","38660","20649","25984","16618"
"0500000US45083","Spartanburg County, South Carolina","43146","9223","43704","9449","43217","12479"
"0500000US45085","Sumter County, South Carolina","48571","23131","48429","32054","24013","20504"
"0500000US46103","Pennington County, South Dakota","70000","64439","37553","29148","87737","94517"
"0500000US47009","Blount County, Tennessee","39287","7995","39982","35854","52292","39849"
"0500000US47011","Bradley County, Tennessee","47851","14029","48262","21900","63141","68714"
"0500000US47037","Davidson County, Tennessee","48297","8959","37326","22284","26346","28611"
"0500000US47059","Greene County, Tennessee","24203","6130","19373","8385","19010","13681"
"0500000US47065","Hamilton County, Tennessee","43091","9370","50356","19012","33401","28968"
"0500000US47093","Knox County, Tennessee","51176","6186","51110","11614","49688","26809"
"0500000US47113","Madison County, Tennessee","22313","21609","22132","17420","30496","18624"
"0500000US47119","Maury County, Tennessee","57800","28354","58567","27971","35145","27330"
"0500000US47125","Montgomery County, Tennessee","44465","15958","44326","12693","43767","13548"
"0500000US47149","Rutherford County, Tennessee","55089","12119","42462","23636","38040","27936"
"0500000US47155","Sevier County, Tennessee","49410","32277","66663","65121","-","**"
"0500000US47157","Shelby County, Tennessee","39402","6233","40881","8402","35194","15099"
"0500000US47163","Sullivan County, Tennessee","46580","8693","58949","15667","81032","67086"
"0500000US47165","Sumner County, Tennessee","34450","3492","34415","5072","34063","22436"
"0500000US47187","Williamson County, Tennessee","88125","29933","89599","30169","-","**"
"0500000US47189","Wilson County, Tennessee","51104","10974","51956","47818","50896","48808"
"0500000US48021","Bastrop County, Texas","40384","14362","24330","15044","17379","21997"
"0500000US48027","Bell County, Texas","41285","9351","33459","11912","24909","6254"
"0500000US48029","Bexar County, Texas","51855","5621","45032","8244","29729","22263"
"0500000US48039","Brazoria County, Texas","77181","14394","71875","33023","42815","36589"
"0500000US48041","Brazos County, Texas","31885","16490","39035","27102","26201","3676"
"0500000US48061","Cameron County, Texas","29736","4640","21074","8865","28654","25380"
"0500000US48085","Collin County, Texas","73631","7969","68494","26145","70816","23107"
"0500000US48091","Comal County, Texas","61771","34234","63842","38171","36998","42663"
"0500000US48099","Coryell County, Texas","42247","55329","42009","76496","40560","7518"
"0500000US48113","Dallas County, Texas","52728","3794","52916","4309","40764","3273"
"0500000US48121","Denton County, Texas","72099","22121","55837","5745","56920","36220"
"0500000US48135","Ector County, Texas","33788","8796","26727","12113","12259","15153"
"0500000US48139","Ellis County, Texas","55487","7792","53358","10134","70775","19035"
"0500000US48141","El Paso County, Texas","36156","4072","33099","11251","24232","5805"
"0500000US48157","Fort Bend County, Texas","67998","20697","71311","40445","101952","23965"
"0500000US48181","Grayson County, Texas","66208","8331","65324","34131","56136","29713"
"0500000US48187","Guadalupe County, Texas","56150","54882","96128","99009","44704","21208"
"0500000US48201","Harris County, Texas","49195","4481","43657","5068","35044","7627"
"0500000US48209","Hays County, Texas","59590","30686","51806","22482","62904","68042"
"0500000US48213","Henderson County, Texas","40865","16748","41378","20846","27828","18753"
"0500000US48215","Hidalgo County, Texas","37943","2751","36481","9534","22958","15543"
"0500000US48231","Hunt County, Texas","46699","16942","51358","12808","16753","22486"
"0500000US48245","Jefferson County, Texas","41170","9969","37057","10055","31797","34037"
"0500000US48251","Johnson County, Texas","63646","13993","77282","16707","51895","69351"
"0500000US48303","Lubbock County, Texas","49141","9703","47637","19300","31276","26413"
"0500000US48309","McLennan County, Texas","32483","6936","30194","10771","18309","13313"
"0500000US48339","Montgomery County, Texas","58758","9904","53750","14899","31151","34814"
"0500000US48355","Nueces County, Texas","50874","10874","42818","11495","43969","14877"
"0500000US48361","Orange County, Texas","73327","20952","77715","6863","52024","47945"
"0500000US48375","Potter County, Texas","36007","20648","22250","9845","23356","12351"
"0500000US48381","Randall County, Texas","53976","21378","70587","43337","71545","43419"
"0500000US48397","Rockwall County, Texas","88910","27579","-","**","-","**"
"0500000US48409","San Patricio County, Texas","19889","58260","18022","12929","-","**"
"0500000US48423","Smith County, Texas","48510","14436","37701","17221","15709","14761"
"0500000US48439","Tarrant County, Texas","51801","4441","41983","5138","31327","9194"
"0500000US48441","Taylor County, Texas","51840","21544","44447","29284","24340","23108"
"0500000US48453","Travis County, Texas","47222","8731","27182","14422","21520","11346"
"0500000US48469","Victoria County, Texas","46393","18877","68942","23952","57206","74602"
"0500000US48479","Webb County, Texas","40503","5707","40725","5394","65236","39565"
"0500000US48485","Wichita County, Texas","48819","3977","42199","21056","62870","47421"
"0500000US49005","Cache County, Utah","76525","28909","65234","52792","-","**"
"0500000US49011","Davis County, Utah","92276","20626","70859","24704","53052","49306"
"0500000US49035","Salt Lake County, Utah","76727","9242","61441","11127","38889","9079"
"0500000US29187","St. Francois County, Missouri","null","null","null","null","null","null"
"0500000US12017","Citrus County, Florida","null","null","null","null","null","null"
"0500000US01077","Lauderdale County, Alabama","null","null","null","null","null","null"
"0500000US29165","Platte County, Missouri","null","null","null","null","null","null"
"0500000US54011","Cabell County, West Virginia","null","null","null","null","null","null"
"0500000US41029","Jackson County, Oregon","null","null","null","null","null","null"
"0500000US47179","Washington County, Tennessee","null","null","null","null","null","null"
"0500000US01083","Limestone County, Alabama","null","null","null","null","null","null"
"0500000US42043","Dauphin County, Pennsylvania","null","null","null","null","null","null"
"0500000US26005","Allegan County, Michigan","null","null","null","null","null","null"
"0500000US36071","Orange County, New York","null","null","null","null","null","null"
"0500000US37171","Surry County, North Carolina","null","null","null","null","null","null"
"0500000US39141","Ross County, Ohio","null","null","null","null","null","null"
"0500000US37019","Brunswick County, North Carolina","null","null","null","null","null","null"
"0500000US30013","Cascade County, Montana","null","null","null","null","null","null"
"0500000US48329","Midland County, Texas","null","null","null","null","null","null"
"0500000US35045","San Juan County, New Mexico","null","null","null","null","null","null"
"0500000US13127","Glynn County, Georgia","null","null","null","null","null","null"
"0500000US51059","Fairfax County, Virginia","null","null","null","null","null","null"
"0500000US36053","Madison County, New York","null","null","null","null","null","null"
"0500000US06075","San Francisco County, California","null","null","null","null","null","null"
"0500000US17019","Champaign County, Illinois","null","null","null","null","null","null"
"0500000US24045","Wicomico County, Maryland","null","null","null","null","null","null"
"0500000US12107","Putnam County, Florida","null","null","null","null","null","null"
"0500000US53021","Franklin County, Washington","null","null","null","null","null","null"
"0500000US36065","Oneida County, New York","null","null","null","null","null","null"
"0500000US55035","Eau Claire County, Wisconsin","null","null","null","null","null","null"
"0500000US48037","Bowie County, Texas","null","null","null","null","null","null"
"0500000US18063","Hendricks County, Indiana","null","null","null","null","null","null"
"0500000US27019","Carver County, Minnesota","null","null","null","null","null","null"
"0500000US55117","Sheboygan County, Wisconsin","null","null","null","null","null","null"
"0500000US53009","Clallam County, Washington","null","null","null","null","null","null"
"0500000US53035","Kitsap County, Washington","null","null","null","null","null","null"
"0500000US53073","Whatcom County, Washington","null","null","null","null","null","null"
"0500000US51013","Arlington County, Virginia","null","null","null","null","null","null"
"0500000US01055","Etowah County, Alabama","null","null","null","null","null","null"
"0500000US21037","Campbell County, Kentucky","null","null","null","null","null","null"
"0500000US42111","Somerset County, Pennsylvania","null","null","null","null","null","null"
"0500000US20177","Shawnee County, Kansas","null","null","null","null","null","null"
"0500000US48167","Galveston County, Texas","null","null","null","null","null","null"
"0500000US55105","Rock County, Wisconsin","null","null","null","null","null","null"
"0500000US19113","Linn County, Iowa","null","null","null","null","null","null"
"0500000US37085","Harnett County, North Carolina","null","null","null","null","null","null"
"0500000US39169","Wayne County, Ohio","null","null","null","null","null","null"
"0500000US37023","Burke County, North Carolina","null","null","null","null","null","null"
"0500000US36001","Albany County, New York","null","null","null","null","null","null"
"0500000US36105","Sullivan County, New York","null","null","null","null","null","null"
"0500000US18057","Hamilton County, Indiana","null","null","null","null","null","null"
"0500000US42033","Clearfield County, Pennsylvania","null","null","null","null","null","null"
"0500000US16083","Twin Falls County, Idaho","null","null","null","null","null","null"
"0500000US21117","Kenton County, Kentucky","null","null","null","null","null","null"
"0500000US22051","Jefferson Parish, Louisiana","null","null","null","null","null","null"
"0500000US36109","Tompkins County, New York","null","null","null","null","null","null"
"0500000US26159","Van Buren County, Michigan","null","null","null","null","null","null"
"0500000US39151","Stark County, Ohio","null","null","null","null","null","null"
"0500000US05085","Lonoke County, Arkansas","null","null","null","null","null","null"
"0500000US30029","Flathead County, Montana","null","null","null","null","null","null"
"0500000US45091","York County, South Carolina","null","null","null","null","null","null"
"0500000US55039","Fond du Lac County, Wisconsin","null","null","null","null","null","null"
"0500000US55109","St. Croix County, Wisconsin","null","null","null","null","null","null"
"0500000US25005","Bristol County, Massachusetts","null","null","null","null","null","null"
"0500000US42005","Armstrong County, Pennsylvania","null","null","null","null","null","null"
"0500000US26111","Midland County, Michigan","null","null","null","null","null","null"
"0500000US42039","Crawford County, Pennsylvania","null","null","null","null","null","null"
"0500000US34035","Somerset County, New Jersey","null","null","null","null","null","null"
"0500000US28059","Jackson County, Mississippi","null","null","null","null","null","null"
"0500000US16019","Bonneville County, Idaho","null","null","null","null","null","null"
"0500000US36083","Rensselaer County, New York","null","null","null","null","null","null"
"0500000US54003","Berkeley County, West Virginia","null","null","null","null","null","null"
"0500000US42089","Monroe County, Pennsylvania","null","null","null","null","null","null"
"0500000US24001","Allegany County, Maryland","null","null","null","null","null","null"
"0500000US47141","Putnam County, Tennessee","null","null","null","null","null","null"
"0500000US25001","Barnstable County, Massachusetts","null","null","null","null","null","null"
"0500000US51003","Albemarle County, Virginia","null","null","null","null","null","null"
"0500000US34009","Cape May County, New Jersey","null","null","null","null","null","null"
"0500000US15001","Hawaii County, Hawaii","null","null","null","null","null","null"
"0500000US33005","Cheshire County, New Hampshire","null","null","null","null","null","null"
"0500000US39025","Clermont County, Ohio","null","null","null","null","null","null"
"0500000US09007","Middlesex County, Connecticut","null","null","null","null","null","null"
"0500000US17099","LaSalle County, Illinois","null","null","null","null","null","null"
"0500000US21093","Hardin County, Kentucky","null","null","null","null","null","null"
"0500000US34011","Cumberland County, New Jersey","null","null","null","null","null","null"
"0500000US36015","Chemung County, New York","null","null","null","null","null","null"
"0500000US55025","Dane County, Wisconsin","null","null","null","null","null","null"
"0500000US21047","Christian County, Kentucky","null","null","null","null","null","null"
"0500000US34041","Warren County, New Jersey","null","null","null","null","null","null"
"0500000US51740","Portsmouth city, Virginia","null","null","null","null","null","null"
"0500000US24015","Cecil County, Maryland","null","null","null","null","null","null"
"0500000US29021","Buchanan County, Missouri","null","null","null","null","null","null"
"0500000US36011","Cayuga County, New York","null","null","null","null","null","null"
"0500000US08013","Boulder County, Colorado","null","null","null","null","null","null"
"0500000US17093","Kendall County, Illinois","null","null","null","null","null","null"
"0500000US31109","Lancaster County, Nebraska","null","null","null","null","null","null"
"0500000US24043","Washington County, Maryland","null","null","null","null","null","null"
"0500000US72139","Trujillo Alto Municipio, Puerto Rico","null","null","null","null","null","null"
"0500000US40101","Muskogee County, Oklahoma","null","null","null","null","null","null"
"0500000US49053","Washington County, Utah","null","null","null","null","null","null"
"0500000US22045","Iberia Parish, Louisiana","null","null","null","null","null","null"
"0500000US18105","Monroe County, Indiana","null","null","null","null","null","null"
"0500000US39139","Richland County, Ohio","null","null","null","null","null","null"
"0500000US15009","Maui County, Hawaii","null","null","null","null","null","null"
"0500000US45059","Laurens County, South Carolina","null","null","null","null","null","null"
"0500000US37001","Alamance County, North Carolina","null","null","null","null","null","null"
"0500000US22105","Tangipahoa Parish, Louisiana","null","null","null","null","null","null"
"0500000US37025","Cabarrus County, North Carolina","null","null","null","null","null","null"
"0500000US18091","LaPorte County, Indiana","null","null","null","null","null","null"
"0500000US22033","East Baton Rouge Parish, Louisiana","null","null","null","null","null","null"
"0500000US45013","Beaufort County, South Carolina","null","null","null","null","null","null"
"0500000US15007","Kauai County, Hawaii","null","null","null","null","null","null"
"0500000US36113","Warren County, New York","null","null","null","null","null","null"
"0500000US19103","Johnson County, Iowa","null","null","null","null","null","null"
"0500000US13151","Henry County, Georgia","null","null","null","null","null","null"
"0500000US13223","Paulding County, Georgia","null","null","null","null","null","null"
"0500000US13073","Columbia County, Georgia","null","null","null","null","null","null"
"0500000US26147","St. Clair County, Michigan","null","null","null","null","null","null"
"0500000US53007","Chelan County, Washington","null","null","null","null","null","null"
"0500000US40145","Wagoner County, Oklahoma","null","null","null","null","null","null"
"0500000US12035","Flagler County, Florida","null","null","null","null","null","null"
"0500000US09013","Tolland County, Connecticut","null","null","null","null","null","null"
"0500000US48183","Gregg County, Texas","null","null","null","null","null","null"
"0500000US28047","Harrison County, Mississippi","null","null","null","null","null","null"
"0500000US53027","Grays Harbor County, Washington","null","null","null","null","null","null"
"0500000US24017","Charles County, Maryland","null","null","null","null","null","null"
"0500000US42037","Columbia County, Pennsylvania","null","null","null","null","null","null"
"0500000US17113","McLean County, Illinois","null","null","null","null","null","null"
"0500000US51085","Hanover County, Virginia","null","null","null","null","null","null"
"0500000US01049","DeKalb County, Alabama","null","null","null","null","null","null"
"0500000US06115","Yuba County, California","null","null","null","null","null","null"
"0500000US47001","Anderson County, Tennessee","null","null","null","null","null","null"
"0500000US13285","Troup County, Georgia","null","null","null","null","null","null"
"0500000US38015","Burleigh County, North Dakota","null","null","null","null","null","null"
"0500000US48005","Angelina County, Texas","null","null","null","null","null","null"
"0500000US46099","Minnehaha County, South Dakota","null","null","null","null","null","null"
"0500000US37193","Wilkes County, North Carolina","null","null","null","null","null","null"
"0500000US45031","Darlington County, South Carolina","null","null","null","null","null","null"
"0500000US29097","Jasper County, Missouri","null","null","null","null","null","null"
"0500000US26021","Berrien County, Michigan","null","null","null","null","null","null"
"0500000US25003","Berkshire County, Massachusetts","null","null","null","null","null","null"
"0500000US26103","Marquette County, Michigan","null","null","null","null","null","null"
"0500000US27171","Wright County, Minnesota","null","null","null","null","null","null"
"0500000US48291","Liberty County, Texas","null","null","null","null","null","null"
"0500000US55097","Portage County, Wisconsin","null","null","null","null","null","null"
"0500000US38017","Cass County, North Dakota","null","null","null","null","null","null"
"0500000US01081","Lee County, Alabama","null","null","null","null","null","null"
"0500000US04005","Coconino County, Arizona","null","null","null","null","null","null"
"0500000US48471","Walker County, Texas","null","null","null","null","null","null"
"0500000US42063","Indiana County, Pennsylvania","null","null","null","null","null","null"
"0500000US24031","Montgomery County, Maryland","null","null","null","null","null","null"
"0500000US26045","Eaton County, Michigan","null","null","null","null","null","null"
"0500000US08077","Mesa County, Colorado","null","null","null","null","null","null"
"0500000US12085","Martin County, Florida","null","null","null","null","null","null"
"0500000US48257","Kaufman County, Texas","null","null","null","null","null","null"
"0500000US26065","Ingham County, Michigan","null","null","null","null","null","null"
"0500000US48203","Harrison County, Texas","null","null","null","null","null","null"
"0500000US09005","Litchfield County, Connecticut","null","null","null","null","null","null"
"0500000US06087","Santa Cruz County, California","null","null","null","null","null","null"
"0500000US13031","Bulloch County, Georgia","null","null","null","null","null","null"
"0500000US45075","Orangeburg County, South Carolina","null","null","null","null","null","null"
"0500000US41071","Yamhill County, Oregon","null","null","null","null","null","null"
"0500000US39109","Miami County, Ohio","null","null","null","null","null","null"
"0500000US25009","Essex County, Massachusetts","null","null","null","null","null","null"
"0500000US12001","Alachua County, Florida","null","null","null","null","null","null"
"0500000US20209","Wyandotte County, Kansas","null","null","null","null","null","null"
"0500000US19013","Black Hawk County, Iowa","null","null","null","null","null","null"
"0500000US72031","Carolina Municipio, Puerto Rico","null","null","null","null","null","null"
"0500000US18035","Delaware County, Indiana","null","null","null","null","null","null"
"0500000US26093","Livingston County, Michigan","null","null","null","null","null","null"
"0500000US30111","Yellowstone County, Montana","null","null","null","null","null","null"
"0500000US06023","Humboldt County, California","null","null","null","null","null","null"
"0500000US18085","Kosciusko County, Indiana","null","null","null","null","null","null"
"0500000US31153","Sarpy County, Nebraska","null","null","null","null","null","null"
"0500000US37027","Caldwell County, North Carolina","null","null","null","null","null","null"
"0500000US37089","Henderson County, North Carolina","null","null","null","null","null","null"
"0500000US36091","Saratoga County, New York","null","null","null","null","null","null"
"0500000US36093","Schenectady County, New York","null","null","null","null","null","null"
"0500000US37147","Pitt County, North Carolina","null","null","null","null","null","null"
"0500000US51760","Richmond city, Virginia","null","null","null","null","null","null"
"0500000US22073","Ouachita Parish, Louisiana","null","null","null","null","null","null"
"0500000US39085","Lake County, Ohio","null","null","null","null","null","null"
"0500000US02020","Anchorage Municipality, Alaska","null","null","null","null","null","null"
"0500000US12033","Escambia County, Florida","null","null","null","null","null","null"
"0500000US26075","Jackson County, Michigan","null","null","null","null","null","null"
"0500000US26087","Lapeer County, Michigan","null","null","null","null","null","null"
"0500000US41033","Josephine County, Oregon","null","null","null","null","null","null"
"0500000US53041","Lewis County, Washington","null","null","null","null","null","null"
"0500000US40119","Payne County, Oklahoma","null","null","null","null","null","null"
"0500000US29077","Greene County, Missouri","null","null","null","null","null","null"
"0500000US17167","Sangamon County, Illinois","null","null","null","null","null","null"
"0500000US23019","Penobscot County, Maine","null","null","null","null","null","null"
"0500000US48451","Tom Green County, Texas","null","null","null","null","null","null"
"0500000US54081","Raleigh County, West Virginia","null","null","null","null","null","null"
"0500000US34031","Passaic County, New Jersey","null","null","null","null","null","null"
"0500000US34033","Salem County, New Jersey","null","null","null","null","null","null"
"0500000US25015","Hampshire County, Massachusetts","null","null","null","null","null","null"
"0500000US37129","New Hanover County, North Carolina","null","null","null","null","null","null"
"0500000US12053","Hernando County, Florida","null","null","null","null","null","null"
"0500000US23001","Androscoggin County, Maine","null","null","null","null","null","null"
"0500000US48491","Williamson County, Texas","null","null","null","null","null","null"
"0500000US27123","Ramsey County, Minnesota","null","null","null","null","null","null"
"0500000US21227","Warren County, Kentucky","null","null","null","null","null","null"
"0500000US42001","Adams County, Pennsylvania","null","null","null","null","null","null"
"0500000US08069","Larimer County, Colorado","null","null","null","null","null","null"
"0500000US34021","Mercer County, New Jersey","null","null","null","null","null","null"
"0500000US47147","Robertson County, Tennessee","null","null","null","null","null","null"
"0500000US26037","Clinton County, Michigan","null","null","null","null","null","null"
"0500000US04025","Yavapai County, Arizona","null","null","null","null","null","null"
"0500000US39103","Medina County, Ohio","null","null","null","null","null","null"
"0500000US01043","Cullman County, Alabama","null","null","null","null","null","null"
"0500000US13117","Forsyth County, Georgia","null","null","null","null","null","null"
"0500000US40131","Rogers County, Oklahoma","null","null","null","null","null","null"
"0500000US42075","Lebanon County, Pennsylvania","null","null","null","null","null","null"
"0500000US48367","Parker County, Texas","null","null","null","null","null","null"
"0500000US36045","Jefferson County, New York","null","null","null","null","null","null"
"0500000US04015","Mohave County, Arizona","null","null","null","null","null","null"
"0500000US18039","Elkhart County, Indiana","null","null","null","null","null","null"
"0500000US06033","Lake County, California","null","null","null","null","null","null"
"0500000US34025","Monmouth County, New Jersey","null","null","null","null","null","null"
