"GEO_ID","NAME","B10010_001E","B10010_001M","B10010_002E","B10010_002M","B10010_003E","B10010_003M"
"id","Geographic Area Name","Estimate!!Median family income in the past 12 months!!Total","Margin of Error!!Median family income in the past 12 months!!Total","Estimate!!Median family income in the past 12 months!!Grandparent householder and/or spouse responsible for grandchildren under 18 years (dollars)","Margin of Error!!Median family income in the past 12 months!!Grandparent householder and/or spouse responsible for grandchildren under 18 years (dollars)","Estimate!!Median family income in the past 12 months!!Grandparent householder and/or spouse responsible for grandchildren under 18 years and no parent present (dollars)","Margin of Error!!Median family income in the past 12 months!!Grandparent householder and/or spouse responsible for grandchildren under 18 years and no parent present (dollars)"
"0500000US01003","Baldwin County, Alabama","44945","18212","42730","33896","41719","33405"
"0500000US01043","Cullman County, Alabama","52806","37982","53056","36993","93695","856"
"0500000US01049","DeKalb County, Alabama","51055","17119","43190","18582","54047","48335"
"0500000US01069","Houston County, Alabama","34431","1698","33996","1506","21083","10343"
"0500000US01073","Jefferson County, Alabama","52367","8897","54672","8431","50646","4420"
"0500000US01077","Lauderdale County, Alabama","45996","26836","46120","38634","46114","50861"
"0500000US01083","Limestone County, Alabama","51142","17993","40878","21722","51530","23744"
"0500000US01089","Madison County, Alabama","42240","14684","41315","14485","35017","23726"
"0500000US01095","Marshall County, Alabama","43574","11931","43309","20741","42632","33239"
"0500000US01097","Mobile County, Alabama","44000","13546","34926","13723","26424","10246"
"0500000US01101","Montgomery County, Alabama","33206","26471","30598","5364","17109","20652"
"0500000US01103","Morgan County, Alabama","51229","18025","36400","22230","50050","38543"
"0500000US01117","Shelby County, Alabama","71685","38756","46882","30027","42042","51723"
"0500000US01121","Talladega County, Alabama","50488","18367","51128","20263","60684","27798"
"0500000US01125","Tuscaloosa County, Alabama","54127","20343","40557","18669","34529","43167"
"0500000US02090","Fairbanks North Star Borough, Alaska","131481","109568","147842","70876","-","**"
"0500000US02170","Matanuska-Susitna Borough, Alaska","91250","12293","86324","16149","65917","25875"
"0500000US04001","Apache County, Arizona","31917","11948","21287","12233","14645","5055"
"0500000US04005","Coconino County, Arizona","43833","13945","46726","26476","35775","9416"
"0500000US04013","Maricopa County, Arizona","55403","5055","50259","7071","39540","7761"
"0500000US04015","Mohave County, Arizona","54985","9990","52997","13994","48096","14682"
"0500000US04017","Navajo County, Arizona","34479","15136","39917","24841","62690","63754"
"0500000US04019","Pima County, Arizona","54289","9628","52216","12484","54556","16190"
"0500000US04025","Yavapai County, Arizona","38929","14807","38626","12613","65591","92082"
"0500000US04027","Yuma County, Arizona","53265","8242","52956","11645","23611","36102"
"0500000US05007","Benton County, Arkansas","61706","8989","63507","6435","118330","78533"
"0500000US05031","Craighead County, Arkansas","58900","18417","57885","22413","37481","29736"
"0500000US05045","Faulkner County, Arkansas","87574","38583","74676","48678","26694","34203"
"0500000US05051","Garland County, Arkansas","50524","59155","62204","58296","48834","34267"
"0500000US05069","Jefferson County, Arkansas","37403","16631","35583","20049","65303","91017"
"0500000US05085","Lonoke County, Arkansas","60666","25620","60215","31234","60707","23440"
"0500000US05119","Pulaski County, Arkansas","52420","16130","37416","31846","17482","19480"
"0500000US05125","Saline County, Arkansas","65739","30711","64734","37617","64294","77549"
"0500000US05131","Sebastian County, Arkansas","31609","17865","30266","19443","8645","1192"
"0500000US05143","Washington County, Arkansas","48196","19659","39670","14462","39846","36425"
"0500000US06001","Alameda County, California","74239","9077","62725","11829","61039","9806"
"0500000US06007","Butte County, California","44859","19475","39735","10202","73262","99336"
"0500000US06013","Contra Costa County, California","79077","15970","71101","23161","59162","26128"
"0500000US06017","El Dorado County, California","95303","63243","130893","74874","96463","82548"
"0500000US06019","Fresno County, California","41680","4261","38621","6619","21345","10450"
"0500000US06025","Imperial County, California","48946","11158","50316","20720","26148","13644"
"0500000US06029","Kern County, California","50026","6744","30671","11567","18750","13749"
"0500000US06031","Kings County, California","39014","14415","43138","28046","51846","55727"
"0500000US06033","Lake County, California","32246","6192","31168","9203","31882","26553"
"0500000US06037","Los Angeles County, California","61526","1824","53737","4277","24186","5125"
"0500000US06041","Marin County, California","123952","67437","46758","30933","-","**"
"0500000US06047","Merced County, California","42327","8003","37260","37025","25215","12608"
"0500000US06053","Monterey County, California","78667","22858","77632","24364","20991","3487"
"0500000US06055","Napa County, California","69565","33573","35568","32239","56078","23059"
"0500000US06059","Orange County, California","80328","5777","69896","7643","48969","39907"
"0500000US06061","Placer County, California","101219","41161","109588","60587","101464","89125"
"0500000US06065","Riverside County, California","66887","5139","71027","10589","39688","12780"
"0500000US06067","Sacramento County, California","54948","8376","46305","6524","35987","14358"
"0500000US06071","San Bernardino County, California","64142","4279","63508","5903","40463","4283"
"0500000US06073","San Diego County, California","64083","6298","65555","11675","55074","37887"
"0500000US06075","San Francisco County, California","64151","13667","52348","34433","44912","2140"
"0500000US06077","San Joaquin County, California","62575","11410","46563","10367","32917","16891"
"0500000US06079","San Luis Obispo County, California","66802","33613","64748","36369","80466","41797"
"0500000US06081","San Mateo County, California","98376","15156","84750","34480","83328","47570"
"0500000US06083","Santa Barbara County, California","71110","22059","61250","47421","14471","17154"
"0500000US06085","Santa Clara County, California","78329","10917","67494","10446","43244","13331"
"0500000US06087","Santa Cruz County, California","100116","45366","47164","38572","-","**"
"0500000US06089","Shasta County, California","51099","15515","28846","11575","26008","6652"
"0500000US06095","Solano County, California","78622","11591","70143","28781","60703","53665"
"0500000US06099","Stanislaus County, California","66052","13167","46188","23304","29908","26290"
"0500000US06101","Sutter County, California","52366","36950","36355","10904","-","**"
"0500000US06107","Tulare County, California","42396","12252","39349","17013","18086","19145"
"0500000US06113","Yolo County, California","71822","14586","60351","48732","52688","27890"
"0500000US06115","Yuba County, California","61977","16196","45360","31615","35640","22749"
"0500000US08001","Adams County, Colorado","60269","17083","63659","20572","64984","25415"
"0500000US08005","Arapahoe County, Colorado","59855","8893","53356","8861","33219","9931"
"0500000US08013","Boulder County, Colorado","82298","41579","130305","91675","-","**"
"0500000US08031","Denver County, Colorado","53160","13955","41123","16792","28758","3737"
"0500000US08035","Douglas County, Colorado","106822","37878","125920","34482","105784","38309"
"0500000US08041","El Paso County, Colorado","49866","16919","47396","15258","47375","26145"
"0500000US08059","Jefferson County, Colorado","81590","17805","54337","14104","48281","20770"
"0500000US08069","Larimer County, Colorado","67952","9599","67980","5548","34302","42799"
"0500000US08077","Mesa County, Colorado","43531","31699","31654","19560","50339","32708"
"0500000US08101","Pueblo County, Colorado","53241","3148","51618","6469","50549","14758"
"0500000US08123","Weld County, Colorado","58025","7600","42142","29627","57912","24103"
"0500000US09003","Hartford County, Connecticut","65551","16972","44295","22273","30117","14589"
"0500000US09007","Middlesex County, Connecticut","70350","18703","65800","17436","43791","42901"
"0500000US09009","New Haven County, Connecticut","68098","11186","52335","19126","35612","38872"
"0500000US09011","New London County, Connecticut","98096","20696","68469","22170","72611","108229"
"0500000US09013","Tolland County, Connecticut","73304","50379","37476","30206","-","**"
"0500000US09015","Windham County, Connecticut","78563","40721","83059","55901","90193","99641"
"0500000US10003","New Castle County, Delaware","62529","12197","63497","21895","55103","22869"
"0500000US10005","Sussex County, Delaware","61288","13818","54829","12768","61834","18613"
"0500000US11001","District of Columbia, District of Columbia","50328","13643","51756","20111","48313","60878"
"0500000US12001","Alachua County, Florida","35368","12082","38401","11061","23500","14593"
"0500000US12009","Brevard County, Florida","53835","7581","59420","12947","75488","44357"
"0500000US12011","Broward County, Florida","58772","6883","50945","6936","30838","6215"
"0500000US12015","Charlotte County, Florida","60883","22842","62490","29044","-","**"
"0500000US12019","Clay County, Florida","60018","33754","54014","47089","26992","21445"
"0500000US12021","Collier County, Florida","51217","24631","28618","20867","18885","653"
"0500000US12023","Columbia County, Florida","65738","57035","65271","47838","35651","35034"
"0500000US12031","Duval County, Florida","50147","4556","46693","10843","23366","10528"
"0500000US12033","Escambia County, Florida","44573","16985","46125","16604","50028","32543"
"0500000US12053","Hernando County, Florida","56417","18126","56329","23761","46328","39377"
"0500000US12057","Hillsborough County, Florida","57519","6928","55609","21320","41353","22834"
"0500000US12061","Indian River County, Florida","25222","14328","19801","8820","-","**"
"0500000US12071","Lee County, Florida","42318","13113","34405","28090","26234","7809"
"0500000US12081","Manatee County, Florida","41699","7198","41175","12030","28625","39781"
"0500000US12085","Martin County, Florida","35876","7798","36481","26100","-","**"
"0500000US12086","Miami-Dade County, Florida","47498","6826","41409","4527","28823","8873"
"0500000US12087","Monroe County, Florida","51404","37050","49007","7640","50342","77513"
"0500000US12089","Nassau County, Florida","45677","29497","45182","26175","-","**"
"0500000US12091","Okaloosa County, Florida","62190","25200","69063","43993","66310","49615"
"0500000US12095","Orange County, Florida","50163","10902","55521","33343","35618","15527"
"0500000US12099","Palm Beach County, Florida","66432","9487","68259","14728","37741","13232"
"0500000US12101","Pasco County, Florida","47154","6953","41995","12719","33656","22462"
"0500000US12103","Pinellas County, Florida","46104","13315","39235","15066","35220","19690"
"0500000US12105","Polk County, Florida","41534","6004","35941","10487","33179","10501"
"0500000US12107","Putnam County, Florida","44909","9484","43816","13071","31380","53113"
"0500000US12111","St. Lucie County, Florida","53805","26266","47228","13870","45019","33656"
"0500000US12113","Santa Rosa County, Florida","56861","20711","65652","19477","55854","17759"
"0500000US12117","Seminole County, Florida","45227","14002","35160","24474","-","**"
"0500000US12127","Volusia County, Florida","53750","9264","50000","15677","26219","3230"
"0500000US13013","Barrow County, Georgia","48939","57804","77010","30487","-","**"
"0500000US13015","Bartow County, Georgia","46372","35859","60653","34179","45508","55191"
"0500000US13021","Bibb County, Georgia","41538","12299","36719","22319","24375","25219"
"0500000US13031","Bulloch County, Georgia","36419","16838","35762","1816","36226","554"
"0500000US13051","Chatham County, Georgia","55114","9589","54196","15018","57197","21781"
"0500000US13063","Clayton County, Georgia","42767","11123","25015","21805","19034","1978"
"0500000US13067","Cobb County, Georgia","56356","15718","40148","5846","63116","29124"
"0500000US13073","Columbia County, Georgia","96424","47065","178982","70216","-","**"
"0500000US13077","Coweta County, Georgia","30880","47778","24118","1774","23911","1122"
"0500000US13089","DeKalb County, Georgia","50934","12131","47037","11613","32652","36039"
"0500000US13095","Dougherty County, Georgia","25469","30499","18326","16698","14398","4738"
"0500000US13115","Floyd County, Georgia","45976","9951","47697","31665","31316","11099"
"0500000US13117","Forsyth County, Georgia","69793","15171","74145","39968","41214","14353"
"0500000US13121","Fulton County, Georgia","47992","5390","41031","5366","33445","25131"
"0500000US13135","Gwinnett County, Georgia","82050","16176","90865","34336","80399","60425"
"0500000US13139","Hall County, Georgia","37801","15915","25720","15992","33397","21635"
"0500000US13153","Houston County, Georgia","50446","14772","51024","10911","58218","64875"
"0500000US13179","Liberty County, Georgia","53394","14811","53202","17129","29329","6293"
"0500000US13185","Lowndes County, Georgia","36882","24601","36713","15425","36688","12711"
"0500000US13215","Muscogee County, Georgia","44301","4884","43187","5317","54045","22930"
"0500000US13217","Newton County, Georgia","40868","40993","37035","28954","40208","48697"
"0500000US13245","Richmond County, Georgia","41448","10732","51157","33184","20048","10064"
"0500000US13285","Troup County, Georgia","24342","38451","20723","7607","-","**"
"0500000US13297","Walton County, Georgia","65119","36561","42273","40644","-","**"
"0500000US13313","Whitfield County, Georgia","42471","44948","41713","20953","72500","41788"
"0500000US15003","Honolulu County, Hawaii","117945","8258","73881","10934","58571","24662"
"0500000US15007","Kauai County, Hawaii","79199","35312","78914","53029","-","**"
"0500000US16001","Ada County, Idaho","49777","27451","41845","9176","41250","908"
"0500000US16005","Bannock County, Idaho","74000","35199","71354","31291","71380","2641"
"0500000US16019","Bonneville County, Idaho","67315","8707","54630","28039","53688","31885"
"0500000US16055","Kootenai County, Idaho","105084","56334","63692","7455","46417","42225"
"0500000US16083","Twin Falls County, Idaho","72667","92820","31917","25083","-","**"
"0500000US17031","Cook County, Illinois","53094","4206","44431","7010","28574","10660"
"0500000US17037","DeKalb County, Illinois","85000","43023","76322","28307","-","**"
"0500000US17043","DuPage County, Illinois","84298","13655","57443","23429","84620","69895"
"0500000US17089","Kane County, Illinois","66156","19407","56980","30179","56750","44001"
"0500000US17091","Kankakee County, Illinois","48301","18620","90766","51981","150750","148024"
"0500000US17093","Kendall County, Illinois","62285","75501","95634","73234","-","**"
"0500000US17097","Lake County, Illinois","73361","15181","60524","22895","39003","17977"
"0500000US17111","McHenry County, Illinois","98262","25102","60608","22949","31625","41259"
"0500000US17113","McLean County, Illinois","46722","35174","45262","5134","41160","24123"
"0500000US17115","Macon County, Illinois","34647","22624","41404","24028","39007","39807"
"0500000US17119","Madison County, Illinois","56312","25264","57425","39219","55352","24842"
"0500000US17143","Peoria County, Illinois","61210","29173","80705","74094","50326","28961"
"0500000US17163","St. Clair County, Illinois","51176","5271","50542","10823","29939","31773"
"0500000US17183","Vermilion County, Illinois","37406","18972","30875","24541","32125","19704"
"0500000US17197","Will County, Illinois","68434","15048","44800","15013","25431","13655"
"0500000US17201","Winnebago County, Illinois","62838","22554","48808","7769","45990","12585"
"0500000US18003","Allen County, Indiana","50654","6866","35335","14543","33703","41268"
"0500000US18019","Clark County, Indiana","48266","18212","48266","20801","21144","13052"
"0500000US18035","Delaware County, Indiana","50875","39674","40018","45811","23760","16836"
"0500000US18039","Elkhart County, Indiana","49681","8677","63649","45873","52984","63322"
"0500000US18043","Floyd County, Indiana","84750","34740","100208","31301","69482","29712"
"0500000US18053","Grant County, Indiana","33557","6055","55128","34433","-","**"
"0500000US18057","Hamilton County, Indiana","71496","6756","67907","6516","67718","51668"
"0500000US18081","Johnson County, Indiana","66625","42048","65825","39327","94294","43614"
"0500000US18085","Kosciusko County, Indiana","63772","26755","49415","27920","64350","20032"
"0500000US18089","Lake County, Indiana","67562","10593","69464","4872","48036","66847"
"0500000US18097","Marion County, Indiana","40373","11240","31982","16259","23631","4228"
"0500000US18105","Monroe County, Indiana","66222","32730","46386","9592","-","**"
"0500000US18141","St. Joseph County, Indiana","45349","16891","46022","14770","45489","32323"
"0500000US18157","Tippecanoe County, Indiana","50008","9748","50008","7967","34806","22524"
"0500000US18167","Vigo County, Indiana","76250","43102","61740","52500","96818","67308"
"0500000US18177","Wayne County, Indiana","38995","16622","47963","14418","47603","25679"
"0500000US19013","Black Hawk County, Iowa","37306","37035","58409","37574","34524","18135"
"0500000US19049","Dallas County, Iowa","92315","50553","-","**","-","**"
"0500000US19061","Dubuque County, Iowa","42165","118339","-","**","-","**"
"0500000US19113","Linn County, Iowa","43833","24564","43228","35277","65481","20716"
"0500000US19153","Polk County, Iowa","72555","46351","39083","20442","29390","14477"
"0500000US19155","Pottawattamie County, Iowa","39820","20399","37344","24972","37321","48643"
"0500000US19163","Scott County, Iowa","48434","41434","44891","68436","43678","5361"
"0500000US19169","Story County, Iowa","54963","36322","53125","34751","-","**"
"0500000US20015","Butler County, Kansas","43856","1092","43421","7312","-","**"
"0500000US20045","Douglas County, Kansas","21472","22346","20989","12448","-","**"
"0500000US20091","Johnson County, Kansas","93888","22790","108108","25068","72381","23152"
"0500000US20103","Leavenworth County, Kansas","67695","12775","58974","25974","59664","42899"
"0500000US20161","Riley County, Kansas","44792","16888","44792","16888","-","**"
"0500000US20173","Sedgwick County, Kansas","60871","16128","49721","35728","65903","59391"
"0500000US20209","Wyandotte County, Kansas","56349","15272","54904","23418","44408","21626"
"0500000US21015","Boone County, Kentucky","99087","15040","67135","49307","66901","79056"
"0500000US21029","Bullitt County, Kentucky","57329","22569","65716","37609","66276","24739"
"0500000US21037","Campbell County, Kentucky","72055","31543","71404","32875","51205","19456"
"0500000US21047","Christian County, Kentucky","34738","22952","33774","25801","28623","8648"
"0500000US21067","Fayette County, Kentucky","48017","19181","48287","22765","36023","19770"
"0500000US21093","Hardin County, Kentucky","69279","30509","88633","69884","-","**"
"0500000US21111","Jefferson County, Kentucky","55796","6487","49806","8703","47029","6874"
"0500000US21145","McCracken County, Kentucky","26597","19023","19565","15824","18674","18356"
"0500000US22015","Bossier Parish, Louisiana","50893","31101","37685","31659","21018","4389"
"0500000US22017","Caddo Parish, Louisiana","42482","11867","33840","13828","20661","14652"
"0500000US22019","Calcasieu Parish, Louisiana","37776","19180","45015","33858","58523","51348"
"0500000US22033","East Baton Rouge Parish, Louisiana","63979","12775","61910","14380","62737","35429"
"0500000US22045","Iberia Parish, Louisiana","58704","24317","57612","26318","59630","33238"
"0500000US22071","Orleans Parish, Louisiana","32004","10850","29031","9386","14063","5541"
"0500000US22073","Ouachita Parish, Louisiana","35407","11565","35969","30724","16250","13853"
"0500000US22097","St. Landry Parish, Louisiana","35642","30562","49256","20777","-","**"
"0500000US22105","Tangipahoa Parish, Louisiana","29710","16963","21825","21002","19375","18405"
"0500000US23003","Aroostook County, Maine","58375","23927","52688","12898","49760","29595"
"0500000US23011","Kennebec County, Maine","68524","16046","44469","35323","-","**"
"0500000US23019","Penobscot County, Maine","41590","7116","40184","16887","28241","21132"
"0500000US23031","York County, Maine","68446","29693","30570","8083","30570","7453"
"0500000US24001","Allegany County, Maryland","60971","5225","75556","28323","-","**"
"0500000US24003","Anne Arundel County, Maryland","90779","25115","69362","21031","61435","26377"
"0500000US24005","Baltimore County, Maryland","63750","8905","54245","14854","51570","16457"
"0500000US24009","Calvert County, Maryland","41836","38778","-","**","-","**"
"0500000US24015","Cecil County, Maryland","77929","37389","66797","21870","122881","99255"
"0500000US24021","Frederick County, Maryland","102764","38031","102308","60373","103047","132599"
"0500000US24025","Harford County, Maryland","91822","5578","72629","30813","73529","32979"
"0500000US24027","Howard County, Maryland","101731","50061","69002","13069","-","**"
"0500000US24031","Montgomery County, Maryland","91209","11088","85671","24848","41349","52082"
"0500000US24033","Prince George's County, Maryland","90495","9509","77042","14921","115217","91701"
"0500000US24037","St. Mary's County, Maryland","79366","52289","118234","64376","-","**"
"0500000US24043","Washington County, Maryland","72998","11696","84176","23287","74226","16440"
"0500000US24510","Baltimore city, Maryland","46466","8595","43615","3711","18855","12335"
"0500000US25003","Berkshire County, Massachusetts","65288","50005","65622","56573","66361","16980"
"0500000US25005","Bristol County, Massachusetts","80570","19029","63156","21451","36426","42713"
"0500000US25009","Essex County, Massachusetts","78416","18150","58239","36043","39586","8802"
"0500000US25013","Hampden County, Massachusetts","51768","7697","51224","19596","35957","33164"
"0500000US25015","Hampshire County, Massachusetts","42253","62469","41474","10362","-","**"
"0500000US25017","Middlesex County, Massachusetts","70392","13424","52474","10729","24256","27512"
"0500000US25021","Norfolk County, Massachusetts","102516","17140","76572","48493","76515","72777"
"0500000US25023","Plymouth County, Massachusetts","70723","20217","61154","25708","18613","4043"
"0500000US26017","Bay County, Michigan","56025","15636","55717","55287","37977","14594"
"0500000US26021","Berrien County, Michigan","58667","27451","33438","21275","35291","38038"
"0500000US26045","Eaton County, Michigan","52648","14951","27458","21463","25823","7092"
"0500000US26049","Genesee County, Michigan","46132","10101","34766","6725","21168","5205"
"0500000US26065","Ingham County, Michigan","33477","3171","32339","11718","30383","25768"
"0500000US26073","Isabella County, Michigan","38603","18730","45785","7938","-","**"
"0500000US26077","Kalamazoo County, Michigan","51505","29407","35739","23790","48457","32632"
"0500000US26081","Kent County, Michigan","49939","12267","40940","13222","45645","15836"
"0500000US26091","Lenawee County, Michigan","57612","12307","45239","32721","52455","13506"
"0500000US26093","Livingston County, Michigan","92753","20687","89010","37050","-","**"
"0500000US26099","Macomb County, Michigan","70415","15202","53684","18519","35000","11800"
"0500000US26103","Marquette County, Michigan","65889","22070","65472","28820","50109","41535"
"0500000US26115","Monroe County, Michigan","81152","29906","46123","33068","42813","31244"
"0500000US26121","Muskegon County, Michigan","41971","7758","44814","16853","34303","19440"
"0500000US26125","Oakland County, Michigan","75807","8821","73740","9088","73620","16983"
"0500000US26139","Ottawa County, Michigan","56892","3938","61972","18545","57188","7405"
"0500000US26147","St. Clair County, Michigan","57957","30662","70045","33364","33087","32348"
"0500000US26155","Shiawassee County, Michigan","46955","67154","58935","19956","66543","47369"
"0500000US26159","Van Buren County, Michigan","58702","22067","55972","51590","-","**"
"0500000US26161","Washtenaw County, Michigan","88627","33002","49583","76380","26000","5835"
"0500000US26163","Wayne County, Michigan","44337","4734","41614","4087","25625","16038"
"0500000US27003","Anoka County, Minnesota","61636","7245","60931","12996","60446","15464"
"0500000US27013","Blue Earth County, Minnesota","52098","39925","51949","52406","51818","34426"
"0500000US27019","Carver County, Minnesota","104732","23071","-","**","-","**"
"0500000US27037","Dakota County, Minnesota","67839","16723","53574","48713","23724","1587"
"0500000US27053","Hennepin County, Minnesota","67788","10507","60160","32100","68281","20816"
"0500000US27109","Olmsted County, Minnesota","83003","41052","76196","64354","75625","75858"
"0500000US27123","Ramsey County, Minnesota","53839","18024","49207","11099","46311","5064"
"0500000US27137","St. Louis County, Minnesota","84543","24145","77863","18970","71719","15281"
"0500000US27145","Stearns County, Minnesota","44126","3920","42907","12330","-","**"
"0500000US27163","Washington County, Minnesota","81906","49853","94010","59511","49473","10378"
"0500000US27171","Wright County, Minnesota","75685","7258","77003","11063","76884","5529"
"0500000US28033","DeSoto County, Mississippi","65998","46130","41875","7297","42052","12926"
"0500000US28049","Hinds County, Mississippi","30765","13834","31222","13872","31000","11071"
"0500000US28059","Jackson County, Mississippi","66581","33630","66696","32026","66250","20750"
"0500000US28081","Lee County, Mississippi","42343","12015","41705","8779","16083","3058"
"0500000US28121","Rankin County, Mississippi","47137","38107","113394","28177","-","**"
"0500000US29019","Boone County, Missouri","69412","20071","51913","39125","-","**"
"0500000US29031","Cape Girardeau County, Missouri","52664","28493","43556","37315","36486","16199"
"0500000US29047","Clay County, Missouri","84873","23419","83906","9450","98962","25644"
"0500000US29051","Cole County, Missouri","84329","37698","205308","198292","-","**"
"0500000US29077","Greene County, Missouri","45190","10326","41669","30739","28478","19682"
"0500000US29095","Jackson County, Missouri","51471","12886","44316","17935","25829","10480"
"0500000US29097","Jasper County, Missouri","75269","34764","90733","18454","76481","56434"
"0500000US29165","Platte County, Missouri","86929","38934","103543","54449","98750","140037"
"0500000US29183","St. Charles County, Missouri","71427","23260","66293","42613","37409","45664"
"0500000US29189","St. Louis County, Missouri","60802","5505","52485","17603","60833","13149"
"0500000US29510","St. Louis city, Missouri","32985","13356","28307","15880","24660","25445"
"0500000US30013","Cascade County, Montana","82804","33485","84591","61095","-","**"
"0500000US30049","Lewis and Clark County, Montana","71407","17744","51971","8777","52091","6773"
"0500000US30063","Missoula County, Montana","85861","42939","86278","38693","-","**"
"0500000US30111","Yellowstone County, Montana","132614","47865","133188","67180","62609","4294"
"0500000US31055","Douglas County, Nebraska","50281","15265","46330","14304","44946","35220"
"0500000US31109","Lancaster County, Nebraska","61321","12410","60636","5974","59648","2271"
"0500000US31153","Sarpy County, Nebraska","82403","24011","84787","27649","82733","42471"
"0500000US32003","Clark County, Nevada","63681","10876","56324","9336","37054","8504"
"0500000US32031","Washoe County, Nevada","58330","10731","43333","23654","56114","42435"
"0500000US33005","Cheshire County, New Hampshire","68156","32567","68936","26465","49250","27408"
"0500000US33011","Hillsborough County, New Hampshire","70820","17926","65045","18486","45709","47283"
"0500000US33013","Merrimack County, New Hampshire","85498","20681","85117","30795","41055","44530"
"0500000US33015","Rockingham County, New Hampshire","76469","15745","60158","20922","42138","40799"
"0500000US34001","Atlantic County, New Jersey","75383","19122","78963","22277","58644","55294"
"0500000US34003","Bergen County, New Jersey","89816","15303","87440","32272","89609","52918"
"0500000US34007","Camden County, New Jersey","62170","10708","47195","34007","32999","10620"
"0500000US34011","Cumberland County, New Jersey","36130","5770","36123","3019","26250","18892"
"0500000US34013","Essex County, New Jersey","57599","11947","34387","15240","30176","13370"
"0500000US34015","Gloucester County, New Jersey","66558","7024","63410","28580","123939","122359"
"0500000US34017","Hudson County, New Jersey","60518","6068","56849","13188","29717","7155"
"0500000US34019","Hunterdon County, New Jersey","162154","104615","89321","79530","-","**"
"0500000US34029","Ocean County, New Jersey","89205","16991","72601","30483","50645","26824"
"0500000US34033","Salem County, New Jersey","76453","21277","80122","32403","38969","21628"
"0500000US34035","Somerset County, New Jersey","89419","11218","88996","14185","77245","59801"
"0500000US34037","Sussex County, New Jersey","123680","18052","107966","49892","-","**"
"0500000US34039","Union County, New Jersey","71364","14335","66637","18748","70298","51675"
"0500000US35001","Bernalillo County, New Mexico","48859","6381","41048","17842","29163","28104"
"0500000US35005","Chaves County, New Mexico","29289","27825","29020","21287","21981","9764"
"0500000US35013","Do?a Ana County, New Mexico","32717","7825","33846","11265","19905","20832"
"0500000US35025","Lea County, New Mexico","66688","41824","51620","41893","66109","49853"
"0500000US35031","McKinley County, New Mexico","24197","3555","21653","4279","21546","10710"
"0500000US35045","San Juan County, New Mexico","55762","11760","55610","23463","38125","54904"
"0500000US35049","Santa Fe County, New Mexico","57282","13456","56807","23785","55507","37927"
"0500000US35061","Valencia County, New Mexico","60103","19117","38353","20103","60605","49961"
"0500000US36001","Albany County, New York","82627","43573","85945","29178","53750","25679"
"0500000US36005","Bronx County, New York","37145","6716","32300","10139","24582","5924"
"0500000US36009","Cattaraugus County, New York","49583","26725","37885","39364","58304","22035"
"0500000US36013","Chautauqua County, New York","45221","26077","45771","23238","27920","12391"
"0500000US36015","Chemung County, New York","48536","15589","44750","16860","44450","6943"
"0500000US36019","Clinton County, New York","19764","81298","18475","3271","18872","483"
"0500000US36029","Erie County, New York","56400","6817","46319","13883","26014","15394"
"0500000US36045","Jefferson County, New York","72154","31606","61803","24229","39632","43111"
"0500000US36047","Kings County, New York","52707","3447","47422","6682","31917","24189"
"0500000US36053","Madison County, New York","57736","16435","59234","10822","-","**"
"0500000US36055","Monroe County, New York","60364","16854","44035","26042","22669","14348"
"0500000US36059","Nassau County, New York","98442","9530","101052","17169","30644","25045"
"0500000US36061","New York County, New York","37745","7625","35468","9319","37163","33490"
"0500000US36067","Onondaga County, New York","61550","26811","48763","18673","31421","19485"
"0500000US36069","Ontario County, New York","71310","12448","70992","893","-","**"
"0500000US36071","Orange County, New York","94864","19720","82775","39785","47774","49703"
"0500000US36075","Oswego County, New York","56250","22968","65205","41974","-","**"
"0500000US36081","Queens County, New York","73185","4541","73755","6360","36612","20243"
"0500000US36085","Richmond County, New York","76424","31173","55526","32011","16310","7317"
"0500000US36087","Rockland County, New York","113454","19515","112828","25890","-","**"
"0500000US36091","Saratoga County, New York","60534","39851","60164","32196","26530","9688"
"0500000US36101","Steuben County, New York","58750","23670","43553","25721","19259","4024"
"0500000US36103","Suffolk County, New York","95654","8411","61701","20435","30458","36382"
"0500000US36109","Tompkins County, New York","57039","40855","72626","47294","-","**"
"0500000US36111","Ulster County, New York","83120","26818","63026","23618","58703","7961"
"0500000US36113","Warren County, New York","57641","79473","35823","5359","35823","5359"
"0500000US36119","Westchester County, New York","80632","30378","63202","11263","62440","36773"
"0500000US37001","Alamance County, North Carolina","41990","28147","40669","34473","50793","13725"
"0500000US37019","Brunswick County, North Carolina","22454","22908","21199","6272","21462","31015"
"0500000US37021","Buncombe County, North Carolina","58284","12779","59095","11295","59570","9972"
"0500000US37023","Burke County, North Carolina","64388","25936","75362","24070","46352","25056"
"0500000US37025","Cabarrus County, North Carolina","32901","26791","26250","7632","28966","28373"
"0500000US37031","Carteret County, North Carolina","44265","71992","86500","62015","86250","71895"
"0500000US37035","Catawba County, North Carolina","80126","58224","59295","49269","-","**"
"0500000US37045","Cleveland County, North Carolina","37571","7784","35441","20288","19153","2925"
"0500000US37051","Cumberland County, North Carolina","47420","9248","40582","8478","42268","18056"
"0500000US37057","Davidson County, North Carolina","31964","16950","34665","11031","30341","17482"
"0500000US37063","Durham County, North Carolina","46635","18350","45303","17132","13798","21052"
"0500000US37067","Forsyth County, North Carolina","39792","26369","35221","18136","27808","20433"
"0500000US37071","Gaston County, North Carolina","48525","15043","34797","9862","27775","13599"
"0500000US37081","Guilford County, North Carolina","34595","18305","31264","7953","30973","6220"
"0500000US37085","Harnett County, North Carolina","37008","21686","50534","23680","15255","12505"
"0500000US37097","Iredell County, North Carolina","45778","14212","48750","17554","48005","23716"
"0500000US37101","Johnston County, North Carolina","48791","12768","50994","23771","36340","23926"
"0500000US37119","Mecklenburg County, North Carolina","48799","8405","34583","10522","28710","6097"
"0500000US37127","Nash County, North Carolina","39340","7856","38765","6420","34447","29131"
"0500000US37135","Orange County, North Carolina","103365","31821","109342","105041","-","**"
"0500000US37147","Pitt County, North Carolina","51125","23601","55044","19655","50219","48205"
"0500000US37151","Randolph County, North Carolina","41201","4602","35855","8946","36393","32163"
"0500000US37155","Robeson County, North Carolina","36851","5710","36462","12166","34821","34533"
"0500000US37159","Rowan County, North Carolina","45507","16899","36448","18367","46594","31386"
"0500000US37183","Wake County, North Carolina","70181","8748","71250","25013","28803","38831"
"0500000US37193","Wilkes County, North Carolina","34000","15425","24309","20593","19668","13717"
"0500000US38017","Cass County, North Dakota","40926","34201","27107","13868","-","**"
"0500000US38035","Grand Forks County, North Dakota","58446","14896","57922","2580","54875","5833"
"0500000US38101","Ward County, North Dakota","-","**","-","**","-","**"
"0500000US39003","Allen County, Ohio","42717","21930","21582","17886","19511","2965"
"0500000US39007","Ashtabula County, Ohio","38858","9829","38882","10426","56958","10660"
"0500000US39013","Belmont County, Ohio","44070","6521","65085","37447","43445","32550"
"0500000US39017","Butler County, Ohio","57760","13730","48417","20693","32132","9494"
"0500000US39023","Clark County, Ohio","52204","22668","38696","27487","52037","57854"
"0500000US39029","Columbiana County, Ohio","63782","28070","62975","54717","23854","15809"
"0500000US39035","Cuyahoga County, Ohio","42811","7373","35783","7295","25770","6540"
"0500000US39041","Delaware County, Ohio","58617","45726","40539","33230","-","**"
"0500000US39049","Franklin County, Ohio","49875","5335","41639","14287","25922","9918"
"0500000US39061","Hamilton County, Ohio","42307","4346","35186","7807","27447","18022"
"0500000US39063","Hancock County, Ohio","-","**","-","**","-","**"
"0500000US39081","Jefferson County, Ohio","40771","13081","46897","57643","45991","31654"
"0500000US39085","Lake County, Ohio","91560","17958","69091","11635","-","**"
"0500000US39089","Licking County, Ohio","59637","15436","65616","52572","75174","64589"
"0500000US39093","Lorain County, Ohio","46752","10682","40650","22203","21886","26527"
"0500000US39095","Lucas County, Ohio","39546","9778","39149","12769","32838","9621"
"0500000US39099","Mahoning County, Ohio","41285","17132","42188","20867","36543","48171"
"0500000US39101","Marion County, Ohio","46295","35657","37864","8719","30268","13546"
"0500000US39103","Medina County, Ohio","72167","23317","70300","9570","82777","45266"
"0500000US39113","Montgomery County, Ohio","40036","17512","30300","7189","28967","13693"
"0500000US39119","Muskingum County, Ohio","32067","34020","25292","15259","22054","5754"
"0500000US39133","Portage County, Ohio","70357","18970","118173","64936","-","**"
"0500000US39139","Richland County, Ohio","53454","7578","45958","17321","46483","12223"
"0500000US39141","Ross County, Ohio","31020","22006","35255","16676","21472","31204"
"0500000US39145","Scioto County, Ohio","63887","23226","64092","21197","65791","12632"
"0500000US39151","Stark County, Ohio","49481","9866","46902","23715","40802","13488"
"0500000US39153","Summit County, Ohio","50437","4198","49792","8691","35208","28950"
"0500000US39155","Trumbull County, Ohio","41402","4423","38498","6904","39635","12394"
"0500000US39157","Tuscarawas County, Ohio","30268","34889","37802","23808","-","**"
"0500000US39169","Wayne County, Ohio","36082","8929","32146","12473","31586","5698"
"0500000US40017","Canadian County, Oklahoma","65000","48118","133472","58388","-","**"
"0500000US40027","Cleveland County, Oklahoma","51155","6934","50992","7425","40803","23717"
"0500000US40031","Comanche County, Oklahoma","54630","19102","43810","25430","45759","50734"
"0500000US40037","Creek County, Oklahoma","67525","18058","41250","51772","25707","8408"
"0500000US40101","Muskogee County, Oklahoma","62270","53830","59385","73106","13750","646"
"0500000US40109","Oklahoma County, Oklahoma","45853","6456","45713","8757","34179","17948"
"0500000US40119","Payne County, Oklahoma","68750","28565","47917","47080","71296","45586"
"0500000US40125","Pottawatomie County, Oklahoma","44148","9068","44394","16405","43125","44511"
"0500000US40131","Rogers County, Oklahoma","59068","51643","80650","68004","43281","28782"
"0500000US40143","Tulsa County, Oklahoma","54829","6859","50829","3755","46528","6516"
"0500000US40145","Wagoner County, Oklahoma","51648","14579","47266","4685","46939","10448"
"0500000US41005","Clackamas County, Oregon","87611","15121","94040","17331","85326","50440"
"0500000US41017","Deschutes County, Oregon","34588","46498","33274","21033","-","**"
"0500000US41019","Douglas County, Oregon","64241","7524","61107","13701","63915","10153"
"0500000US41029","Jackson County, Oregon","56605","4096","53386","24788","56069","50944"
"0500000US41033","Josephine County, Oregon","50063","20315","45949","8330","-","**"
"0500000US41039","Lane County, Oregon","50327","14461","46930","25355","47344","56308"
"0500000US41043","Linn County, Oregon","44003","17870","58931","30194","35357","32575"
"0500000US41047","Marion County, Oregon","77115","25453","64105","11728","63492","15948"
"0500000US41051","Multnomah County, Oregon","51111","14340","62934","9868","33681","25374"
"0500000US41053","Polk County, Oregon","35805","33577","24014","9329","-","**"
"0500000US41059","Umatilla County, Oregon","58438","20965","46523","4592","46352","545"
"0500000US41067","Washington County, Oregon","57729","15510","58433","35232","33277","38890"
"0500000US41071","Yamhill County, Oregon","78527","81032","34347","12996","-","**"
"0500000US42001","Adams County, Pennsylvania","66768","35595","41267","6518","48786","10561"
"0500000US42003","Allegheny County, Pennsylvania","47364","6665","45003","3814","32284","10977"
"0500000US42007","Beaver County, Pennsylvania","63958","27162","76333","35314","100032","72190"
"0500000US42011","Berks County, Pennsylvania","75821","15961","75521","30887","82477","86430"
"0500000US42013","Blair County, Pennsylvania","50000","18597","52710","27177","52577","29593"
"0500000US42017","Bucks County, Pennsylvania","79105","10355","79864","33435","125205","78995"
"0500000US42021","Cambria County, Pennsylvania","56205","23318","52727","12606","48465","1145"
"0500000US42029","Chester County, Pennsylvania","75448","26103","89836","27890","45899","21519"
"0500000US42039","Crawford County, Pennsylvania","43727","7493","55580","12801","46875","37510"
"0500000US42043","Dauphin County, Pennsylvania","76473","24195","82614","40372","92875","48528"
"0500000US42045","Delaware County, Pennsylvania","60640","14993","45421","17713","47337","32587"
"0500000US42049","Erie County, Pennsylvania","33546","16457","32066","5814","26221","21795"
"0500000US42069","Lackawanna County, Pennsylvania","35440","7088","31807","6001","24264","9994"
"0500000US42071","Lancaster County, Pennsylvania","51853","10656","47397","12294","46683","28273"
"0500000US42075","Lebanon County, Pennsylvania","60529","10111","60184","19940","-","**"
"0500000US42077","Lehigh County, Pennsylvania","37934","16790","41974","25128","37818","4470"
"0500000US42079","Luzerne County, Pennsylvania","58689","12966","33810","13498","33563","13842"
"0500000US42081","Lycoming County, Pennsylvania","58553","21683","68553","23916","42292","29905"
"0500000US42085","Mercer County, Pennsylvania","63924","8343","65960","16831","72188","57037"
"0500000US42089","Monroe County, Pennsylvania","69884","41364","96418","40088","16055","3723"
"0500000US42091","Montgomery County, Pennsylvania","87006","14820","71203","30032","68240","26663"
"0500000US42095","Northampton County, Pennsylvania","63995","9382","62912","14720","62736","61932"
"0500000US42097","Northumberland County, Pennsylvania","67518","50493","78884","13906","-","**"
"0500000US42101","Philadelphia County, Pennsylvania","38864","3327","35219","8477","31904","9464"
"0500000US42111","Somerset County, Pennsylvania","59091","19535","54891","15821","54821","35678"
"0500000US42125","Washington County, Pennsylvania","52158","14170","48449","9579","57083","34620"
"0500000US42129","Westmoreland County, Pennsylvania","79466","12604","64950","37883","43459","10411"
"0500000US42133","York County, Pennsylvania","71667","11604","54979","15594","54307","9299"
"0500000US44003","Kent County, Rhode Island","142039","7790","120357","57115","-","**"
"0500000US44005","Newport County, Rhode Island","88971","96340","138203","11945","-","**"
"0500000US44007","Providence County, Rhode Island","51636","11202","63153","19298","63473","27047"
"0500000US44009","Washington County, Rhode Island","54334","52912","-","**","-","**"
"0500000US45003","Aiken County, South Carolina","58494","29409","41458","29252","39055","21451"
"0500000US45007","Anderson County, South Carolina","45812","10869","41865","19112","27212","34304"
"0500000US45013","Beaufort County, South Carolina","66423","8812","66934","23625","49886","39991"
"0500000US45015","Berkeley County, South Carolina","36241","15310","33498","10904","33864","909"
"0500000US45019","Charleston County, South Carolina","40496","18769","26740","19784","26288","19158"
"0500000US45031","Darlington County, South Carolina","29338","11360","29341","16513","-","**"
"0500000US45045","Greenville County, South Carolina","50962","4771","50932","9602","47683","9215"
"0500000US45051","Horry County, South Carolina","35793","11201","33824","18318","26496","15599"
"0500000US45059","Laurens County, South Carolina","24381","6367","22819","5719","23516","3567"
"0500000US45079","Richland County, South Carolina","33971","40846","22101","14924","24670","17395"
"0500000US45083","Spartanburg County, South Carolina","43934","9242","39864","13705","36557","21909"
"0500000US46099","Minnehaha County, South Dakota","68903","25082","31991","25197","-","**"
"0500000US47009","Blount County, Tennessee","41990","9140","48676","18344","49485","35739"
"0500000US47011","Bradley County, Tennessee","40793","12547","42123","19527","-","**"
"0500000US47037","Davidson County, Tennessee","44826","7159","44082","6447","37681","16794"
"0500000US47059","Greene County, Tennessee","35225","16497","35588","13804","31026","5510"
"0500000US47065","Hamilton County, Tennessee","52500","22585","40584","22330","70008","68755"
"0500000US47093","Knox County, Tennessee","35929","17602","35865","25365","21757","10949"
"0500000US47113","Madison County, Tennessee","50299","28835","59118","27036","70574","57518"
"0500000US47125","Montgomery County, Tennessee","57983","5407","50150","17148","36123","42230"
"0500000US47147","Robertson County, Tennessee","70451","28763","70196","35260","76987","27478"
"0500000US47155","Sevier County, Tennessee","33469","47549","58140","60549","27604","18579"
"0500000US47157","Shelby County, Tennessee","51954","8771","50081","11452","44405","26716"
"0500000US47163","Sullivan County, Tennessee","60803","11019","63031","10896","41964","35273"
"0500000US47165","Sumner County, Tennessee","61014","13308","60630","25952","46537","18844"
"0500000US47189","Wilson County, Tennessee","49124","13437","47826","12509","49091","26330"
"0500000US48005","Angelina County, Texas","56875","61314","120414","117465","121421","27389"
"0500000US48021","Bastrop County, Texas","44786","26973","38167","27407","37163","45097"
"0500000US48027","Bell County, Texas","60768","24068","53469","16031","50783","24084"
"0500000US48029","Bexar County, Texas","54765","5181","50371","3890","36698","6841"
"0500000US48037","Bowie County, Texas","64371","21841","75112","23232","20817","14848"
"0500000US48039","Brazoria County, Texas","60534","16355","51517","19003","54316","26467"
"0500000US48061","Cameron County, Texas","37761","5668","39402","11000","16956","22263"
"0500000US48085","Collin County, Texas","76409","25140","70732","15644","64010","69568"
"0500000US48091","Comal County, Texas","85851","42703","88133","27356","81467","44292"
"0500000US48113","Dallas County, Texas","51283","4703","40346","4327","26361","5857"
"0500000US48121","Denton County, Texas","60721","16029","59357","20018","72832","26988"
"0500000US48135","Ector County, Texas","66969","13549","39471","28175","33546","27429"
"0500000US48139","Ellis County, Texas","68530","14018","46643","23267","51600","39185"
"0500000US48141","El Paso County, Texas","50109","9145","39828","13022","18234","5702"
"0500000US48157","Fort Bend County, Texas","72122","15453","73299","11545","52244","8735"
"0500000US48187","Guadalupe County, Texas","70533","24452","72803","66244","26377","16862"
"0500000US48201","Harris County, Texas","53766","5301","42794","6325","33997","7925"
"0500000US48203","Harrison County, Texas","44355","22667","44160","25222","27160","21333"
"0500000US48213","Henderson County, Texas","46759","16954","44355","9124","55320","39700"
"0500000US48215","Hidalgo County, Texas","43752","7762","27452","10199","14226","6804"
"0500000US48231","Hunt County, Texas","55757","11322","28557","3724","28364","1699"
"0500000US48245","Jefferson County, Texas","57523","28908","60986","9636","57896","47915"
"0500000US48303","Lubbock County, Texas","50634","11219","47083","11538","29565","21567"
"0500000US48309","McLennan County, Texas","39773","13596","31593","10312","32813","25495"
"0500000US48355","Nueces County, Texas","72054","24666","66705","27675","73110","48254"
"0500000US48367","Parker County, Texas","59196","15154","58283","16981","41764","11808"
"0500000US48375","Potter County, Texas","57396","14607","62695","26498","50824","17104"
"0500000US48381","Randall County, Texas","43835","7095","43128","13693","43579","20893"
"0500000US48397","Rockwall County, Texas","109811","34212","93250","88695","-","**"
"0500000US48409","San Patricio County, Texas","85274","14093","85274","7823","86710","26351"
"0500000US48439","Tarrant County, Texas","59586","4648","55431","7952","40587","12781"
"0500000US48451","Tom Green County, Texas","66021","17404","65463","31865","66096","19602"
"0500000US48453","Travis County, Texas","57750","14381","52027","46220","41617","31818"
"0500000US48469","Victoria County, Texas","48791","20798","42038","24843","27152","26632"
"0500000US48479","Webb County, Texas","44779","12249","39198","9763","16593","10789"
"0500000US48485","Wichita County, Texas","58764","10663","58419","8455","58061","16685"
"0500000US48491","Williamson County, Texas","87970","29518","71185","3305","71047","67508"
"0500000US49005","Cache County, Utah","102839","47149","110332","42326","-","**"
"0500000US49011","Davis County, Utah","99142","26915","86722","3436","51913","49916"
"0500000US49035","Salt Lake County, Utah","79408","8705","72712","15306","62375","37521"
"0500000US49049","Utah County, Utah","85824","8846","53822","23041","29458","37461"
"0500000US49057","Weber County, Utah","59284","15978","60405","19947","62000","11265"
"0500000US50007","Chittenden County, Vermont","111459","20314","111713","34277","48063","53351"
"0500000US51003","Albemarle County, Virginia","26182","40007","25217","12280","19636","11528"
"0500000US51013","Arlington County, Virginia","134044","65565","133934","132183","-","**"
"0500000US51041","Chesterfield County, Virginia","61583","9583","57989","27162","46530","27398"
"0500000US51085","Hanover County, Virginia","54158","12769","48779","507","-","**"
"0500000US51095","James City County, Virginia","57719","40180","59846","59451","-","**"
"0500000US51121","Montgomery County, Virginia","36337","36774","-","**","-","**"
"0500000US51153","Prince William County, Virginia","122893","48625","70402","60115","67500","25453"
"0500000US51179","Stafford County, Virginia","106997","36858","107219","101731","181098","99657"
"0500000US51510","Alexandria city, Virginia","38010","20950","19436","13275","-","**"
"0500000US51550","Chesapeake city, Virginia","66768","32978","46567","27605","81609","53135"
"0500000US51650","Hampton city, Virginia","36133","9627","36582","12380","15533","14087"
"0500000US51680","Lynchburg city, Virginia","49215","50025","26036","19816","-","**"
"0500000US51700","Newport News city, Virginia","74744","29112","75732","21022","73636","98324"
"0500000US51710","Norfolk city, Virginia","31879","10694","30785","15641","20299","26940"
"0500000US51740","Portsmouth city, Virginia","51819","17316","50018","21540","26443","6528"
"0500000US51760","Richmond city, Virginia","36414","3969","33760","9959","35209","10913"
"0500000US51770","Roanoke city, Virginia","36910","38456","-","**","-","**"
"0500000US51800","Suffolk city, Virginia","52665","49011","75019","101468","20000","12214"
"0500000US51810","Virginia Beach city, Virginia","66072","11905","59308","14245","66360","8479"
"0500000US53005","Benton County, Washington","57772","13073","57944","20882","58034","16871"
"0500000US53007","Chelan County, Washington","106145","38684","-","**","-","**"
"0500000US53011","Clark County, Washington","66939","11731","70480","20422","38866","30871"
"0500000US53021","Franklin County, Washington","82250","81768","47857","11898","-","**"
"0500000US53027","Grays Harbor County, Washington","33884","18873","40713","10763","40350","15495"
"0500000US53029","Island County, Washington","29943","87975","-","**","-","**"
"0500000US53033","King County, Washington","71331","8535","68424","11738","51939","27008"
"0500000US53035","Kitsap County, Washington","66848","60670","66441","56260","67222","44461"
"0500000US53041","Lewis County, Washington","64423","33502","45125","34772","37348","16056"
"0500000US53057","Skagit County, Washington","55619","24561","56376","2637","64303","68615"
"0500000US53061","Snohomish County, Washington","73313","15820","77845","24274","95313","113465"
"0500000US53067","Thurston County, Washington","81558","41253","62306","59253","120429","123598"
"0500000US53073","Whatcom County, Washington","64244","32036","63893","44792","62893","49245"
"0500000US54033","Harrison County, West Virginia","45142","13510","45427","15823","34107","30925"
"0500000US54039","Kanawha County, West Virginia","56431","16286","57992","27064","141069","159331"
"0500000US54061","Monongalia County, West Virginia","70436","10934","71026","5479","-","**"
"0500000US54081","Raleigh County, West Virginia","50659","8411","47451","9831","45686","28481"
"0500000US54107","Wood County, West Virginia","41279","4639","58097","41686","-","**"
"0500000US55027","Dodge County, Wisconsin","47639","29294","75852","33555","-","**"
"0500000US55035","Eau Claire County, Wisconsin","37474","12592","40833","39228","55451","39577"
"0500000US55071","Manitowoc County, Wisconsin","82941","51240","82721","39940","-","**"
"0500000US55073","Marathon County, Wisconsin","87316","23008","88284","60602","44342","20929"
"0500000US55079","Milwaukee County, Wisconsin","38564","8724","30295","3756","25901","8013"
"0500000US55101","Racine County, Wisconsin","45007","6397","45188","8702","45788","5757"
"0500000US55109","St. Croix County, Wisconsin","62110","64892","112644","110989","-","**"
"0500000US55127","Walworth County, Wisconsin","83237","44470","90861","87453","-","**"
"0500000US55131","Washington County, Wisconsin","80774","21935","65133","7220","-","**"
"0500000US55133","Waukesha County, Wisconsin","102936","13810","94973","53932","93351","37817"
"0500000US55139","Winnebago County, Wisconsin","51611","31765","47799","41015","-","**"
"0500000US55141","Wood County, Wisconsin","68315","32200","68438","24936","43391","16109"
"0500000US56025","Natrona County, Wyoming","61194","25361","60692","29003","60781","29017"
"0500000US72013","Arecibo Municipio, Puerto Rico","14454","14002","24009","10313","18110","9433"
"0500000US72025","Caguas Municipio, Puerto Rico","29058","4800","29115","9820","33735","13973"
"0500000US72097","Mayagüez Municipio, Puerto Rico","15045","8850","11641","7517","12071","8381"
"0500000US72127","San Juan Municipio, Puerto Rico","18796","6004","19768","11249","14405","12861"
"0500000US72137","Toa Baja Municipio, Puerto Rico","30805","10863","31342","5457","11125","14928"
"0500000US72139","Trujillo Alto Municipio, Puerto Rico","26989","29896","25779","23544","22790","7915"
"0500000US13113","Fayette County, Georgia","null","null","null","null","null","null"
"0500000US29187","St. Francois County, Missouri","null","null","null","null","null","null"
"0500000US39173","Wood County, Ohio","null","null","null","null","null","null"
"0500000US12017","Citrus County, Florida","null","null","null","null","null","null"
"0500000US54011","Cabell County, West Virginia","null","null","null","null","null","null"
"0500000US45077","Pickens County, South Carolina","null","null","null","null","null","null"
"0500000US48441","Taylor County, Texas","null","null","null","null","null","null"
"0500000US47179","Washington County, Tennessee","null","null","null","null","null","null"
"0500000US13057","Cherokee County, Georgia","null","null","null","null","null","null"
"0500000US47149","Rutherford County, Tennessee","null","null","null","null","null","null"
"0500000US51177","Spotsylvania County, Virginia","null","null","null","null","null","null"
"0500000US26005","Allegan County, Michigan","null","null","null","null","null","null"
"0500000US27139","Scott County, Minnesota","null","null","null","null","null","null"
"0500000US37171","Surry County, North Carolina","null","null","null","null","null","null"
"0500000US53025","Grant County, Washington","null","null","null","null","null","null"
"0500000US48099","Coryell County, Texas","null","null","null","null","null","null"
"0500000US48329","Midland County, Texas","null","null","null","null","null","null"
"0500000US29099","Jefferson County, Missouri","null","null","null","null","null","null"
"0500000US13127","Glynn County, Georgia","null","null","null","null","null","null"
"0500000US47119","Maury County, Tennessee","null","null","null","null","null","null"
"0500000US51087","Henrico County, Virginia","null","null","null","null","null","null"
"0500000US51059","Fairfax County, Virginia","null","null","null","null","null","null"
"0500000US24045","Wicomico County, Maryland","null","null","null","null","null","null"
"0500000US17019","Champaign County, Illinois","null","null","null","null","null","null"
"0500000US53015","Cowlitz County, Washington","null","null","null","null","null","null"
"0500000US06045","Mendocino County, California","null","null","null","null","null","null"
"0500000US06111","Ventura County, California","null","null","null","null","null","null"
"0500000US56021","Laramie County, Wyoming","null","null","null","null","null","null"
"0500000US18109","Morgan County, Indiana","null","null","null","null","null","null"
"0500000US25011","Franklin County, Massachusetts","null","null","null","null","null","null"
"0500000US21151","Madison County, Kentucky","null","null","null","null","null","null"
"0500000US36065","Oneida County, New York","null","null","null","null","null","null"
"0500000US18063","Hendricks County, Indiana","null","null","null","null","null","null"
"0500000US22005","Ascension Parish, Louisiana","null","null","null","null","null","null"
"0500000US55117","Sheboygan County, Wisconsin","null","null","null","null","null","null"
"0500000US53009","Clallam County, Washington","null","null","null","null","null","null"
"0500000US01055","Etowah County, Alabama","null","null","null","null","null","null"
"0500000US18067","Howard County, Indiana","null","null","null","null","null","null"
"0500000US19193","Woodbury County, Iowa","null","null","null","null","null","null"
"0500000US48423","Smith County, Texas","null","null","null","null","null","null"
"0500000US72021","Bayamón Municipio, Puerto Rico","null","null","null","null","null","null"
"0500000US17161","Rock Island County, Illinois","null","null","null","null","null","null"
"0500000US48251","Johnson County, Texas","null","null","null","null","null","null"
"0500000US20177","Shawnee County, Kansas","null","null","null","null","null","null"
"0500000US45041","Florence County, South Carolina","null","null","null","null","null","null"
"0500000US55105","Rock County, Wisconsin","null","null","null","null","null","null"
"0500000US48167","Galveston County, Texas","null","null","null","null","null","null"
"0500000US42051","Fayette County, Pennsylvania","null","null","null","null","null","null"
"0500000US21195","Pike County, Kentucky","null","null","null","null","null","null"
"0500000US26025","Calhoun County, Michigan","null","null","null","null","null","null"
"0500000US36105","Sullivan County, New York","null","null","null","null","null","null"
"0500000US17179","Tazewell County, Illinois","null","null","null","null","null","null"
"0500000US42033","Clearfield County, Pennsylvania","null","null","null","null","null","null"
"0500000US21117","Kenton County, Kentucky","null","null","null","null","null","null"
"0500000US35043","Sandoval County, New Mexico","null","null","null","null","null","null"
"0500000US22051","Jefferson Parish, Louisiana","null","null","null","null","null","null"
"0500000US12109","St. Johns County, Florida","null","null","null","null","null","null"
"0500000US30029","Flathead County, Montana","null","null","null","null","null","null"
"0500000US12073","Leon County, Florida","null","null","null","null","null","null"
"0500000US39055","Geauga County, Ohio","null","null","null","null","null","null"
"0500000US45085","Sumter County, South Carolina","null","null","null","null","null","null"
"0500000US45091","York County, South Carolina","null","null","null","null","null","null"
"0500000US55039","Fond du Lac County, Wisconsin","null","null","null","null","null","null"
"0500000US26111","Midland County, Michigan","null","null","null","null","null","null"
"0500000US42005","Armstrong County, Pennsylvania","null","null","null","null","null","null"
"0500000US55063","La Crosse County, Wisconsin","null","null","null","null","null","null"
"0500000US37049","Craven County, North Carolina","null","null","null","null","null","null"
"0500000US41003","Benton County, Oregon","null","null","null","null","null","null"
"0500000US53063","Spokane County, Washington","null","null","null","null","null","null"
"0500000US12097","Osceola County, Florida","null","null","null","null","null","null"
"0500000US46103","Pennington County, South Dakota","null","null","null","null","null","null"
"0500000US51019","Bedford County, Virginia","null","null","null","null","null","null"
"0500000US36083","Rensselaer County, New York","null","null","null","null","null","null"
"0500000US54003","Berkeley County, West Virginia","null","null","null","null","null","null"
"0500000US18163","Vanderburgh County, Indiana","null","null","null","null","null","null"
"0500000US45035","Dorchester County, South Carolina","null","null","null","null","null","null"
"0500000US13247","Rockdale County, Georgia","null","null","null","null","null","null"
"0500000US42025","Carbon County, Pennsylvania","null","null","null","null","null","null"
"0500000US47141","Putnam County, Tennessee","null","null","null","null","null","null"
"0500000US25001","Barnstable County, Massachusetts","null","null","null","null","null","null"
"0500000US25027","Worcester County, Massachusetts","null","null","null","null","null","null"
"0500000US34009","Cape May County, New Jersey","null","null","null","null","null","null"
"0500000US15001","Hawaii County, Hawaii","null","null","null","null","null","null"
"0500000US48361","Orange County, Texas","null","null","null","null","null","null"
"0500000US51061","Fauquier County, Virginia","null","null","null","null","null","null"
"0500000US39025","Clermont County, Ohio","null","null","null","null","null","null"
"0500000US17099","LaSalle County, Illinois","null","null","null","null","null","null"
"0500000US28075","Lauderdale County, Mississippi","null","null","null","null","null","null"
"0500000US51107","Loudoun County, Virginia","null","null","null","null","null","null"
"0500000US55025","Dane County, Wisconsin","null","null","null","null","null","null"
"0500000US34041","Warren County, New Jersey","null","null","null","null","null","null"
"0500000US29021","Buchanan County, Missouri","null","null","null","null","null","null"
"0500000US04021","Pinal County, Arizona","null","null","null","null","null","null"
"0500000US55055","Jefferson County, Wisconsin","null","null","null","null","null","null"
"0500000US36011","Cayuga County, New York","null","null","null","null","null","null"
"0500000US37125","Moore County, North Carolina","null","null","null","null","null","null"
"0500000US24013","Carroll County, Maryland","null","null","null","null","null","null"
"0500000US17001","Adams County, Illinois","null","null","null","null","null","null"
"0500000US28067","Jones County, Mississippi","null","null","null","null","null","null"
"0500000US39165","Warren County, Ohio","null","null","null","null","null","null"
"0500000US01127","Walker County, Alabama","null","null","null","null","null","null"
"0500000US49053","Washington County, Utah","null","null","null","null","null","null"
"0500000US12069","Lake County, Florida","null","null","null","null","null","null"
"0500000US06039","Madera County, California","null","null","null","null","null","null"
"0500000US45047","Greenwood County, South Carolina","null","null","null","null","null","null"
"0500000US15009","Maui County, Hawaii","null","null","null","null","null","null"
"0500000US36079","Putnam County, New York","null","null","null","null","null","null"
"0500000US13047","Catoosa County, Georgia","null","null","null","null","null","null"
"0500000US36089","St. Lawrence County, New York","null","null","null","null","null","null"
"0500000US30031","Gallatin County, Montana","null","null","null","null","null","null"
"0500000US48041","Brazos County, Texas","null","null","null","null","null","null"
"0500000US18091","LaPorte County, Indiana","null","null","null","null","null","null"
"0500000US34005","Burlington County, New Jersey","null","null","null","null","null","null"
"0500000US37157","Rockingham County, North Carolina","null","null","null","null","null","null"
"0500000US19103","Johnson County, Iowa","null","null","null","null","null","null"
"0500000US13151","Henry County, Georgia","null","null","null","null","null","null"
"0500000US36063","Niagara County, New York","null","null","null","null","null","null"
"0500000US13223","Paulding County, Georgia","null","null","null","null","null","null"
"0500000US27141","Sherburne County, Minnesota","null","null","null","null","null","null"
"0500000US12115","Sarasota County, Florida","null","null","null","null","null","null"
"0500000US37109","Lincoln County, North Carolina","null","null","null","null","null","null"
"0500000US37133","Onslow County, North Carolina","null","null","null","null","null","null"
"0500000US12035","Flagler County, Florida","null","null","null","null","null","null"
"0500000US33017","Strafford County, New Hampshire","null","null","null","null","null","null"
"0500000US48183","Gregg County, Texas","null","null","null","null","null","null"
"0500000US28047","Harrison County, Mississippi","null","null","null","null","null","null"
"0500000US53077","Yakima County, Washington","null","null","null","null","null","null"
"0500000US24017","Charles County, Maryland","null","null","null","null","null","null"
"0500000US22079","Rapides Parish, Louisiana","null","null","null","null","null","null"
"0500000US42037","Columbia County, Pennsylvania","null","null","null","null","null","null"
"0500000US09001","Fairfield County, Connecticut","null","null","null","null","null","null"
"0500000US51069","Frederick County, Virginia","null","null","null","null","null","null"
"0500000US22103","St. Tammany Parish, Louisiana","null","null","null","null","null","null"
"0500000US42019","Butler County, Pennsylvania","null","null","null","null","null","null"
"0500000US47187","Williamson County, Tennessee","null","null","null","null","null","null"
"0500000US37195","Wilson County, North Carolina","null","null","null","null","null","null"
"0500000US51015","Augusta County, Virginia","null","null","null","null","null","null"
"0500000US18005","Bartholomew County, Indiana","null","null","null","null","null","null"
"0500000US47001","Anderson County, Tennessee","null","null","null","null","null","null"
"0500000US05145","White County, Arkansas","null","null","null","null","null","null"
"0500000US55087","Outagamie County, Wisconsin","null","null","null","null","null","null"
"0500000US45063","Lexington County, South Carolina","null","null","null","null","null","null"
"0500000US51161","Roanoke County, Virginia","null","null","null","null","null","null"
"0500000US39057","Greene County, Ohio","null","null","null","null","null","null"
"0500000US38015","Burleigh County, North Dakota","null","null","null","null","null","null"
"0500000US37161","Rutherford County, North Carolina","null","null","null","null","null","null"
"0500000US26145","Saginaw County, Michigan","null","null","null","null","null","null"
"0500000US18059","Hancock County, Indiana","null","null","null","null","null","null"
"0500000US25025","Suffolk County, Massachusetts","null","null","null","null","null","null"
"0500000US21059","Daviess County, Kentucky","null","null","null","null","null","null"
"0500000US28035","Forrest County, Mississippi","null","null","null","null","null","null"
"0500000US01115","St. Clair County, Alabama","null","null","null","null","null","null"
"0500000US12005","Bay County, Florida","null","null","null","null","null","null"
"0500000US55059","Kenosha County, Wisconsin","null","null","null","null","null","null"
"0500000US55097","Portage County, Wisconsin","null","null","null","null","null","null"
"0500000US48291","Liberty County, Texas","null","null","null","null","null","null"
"0500000US01081","Lee County, Alabama","null","null","null","null","null","null"
"0500000US16027","Canyon County, Idaho","null","null","null","null","null","null"
"0500000US36007","Broome County, New York","null","null","null","null","null","null"
"0500000US48471","Walker County, Texas","null","null","null","null","null","null"
"0500000US01015","Calhoun County, Alabama","null","null","null","null","null","null"
"0500000US42063","Indiana County, Pennsylvania","null","null","null","null","null","null"
"0500000US55009","Brown County, Wisconsin","null","null","null","null","null","null"
"0500000US41035","Klamath County, Oregon","null","null","null","null","null","null"
"0500000US36051","Livingston County, New York","null","null","null","null","null","null"
"0500000US48257","Kaufman County, Texas","null","null","null","null","null","null"
"0500000US28089","Madison County, Mississippi","null","null","null","null","null","null"
"0500000US27131","Rice County, Minnesota","null","null","null","null","null","null"
"0500000US42041","Cumberland County, Pennsylvania","null","null","null","null","null","null"
"0500000US09005","Litchfield County, Connecticut","null","null","null","null","null","null"
"0500000US29043","Christian County, Missouri","null","null","null","null","null","null"
"0500000US37179","Union County, North Carolina","null","null","null","null","null","null"
"0500000US22055","Lafayette Parish, Louisiana","null","null","null","null","null","null"
"0500000US45075","Orangeburg County, South Carolina","null","null","null","null","null","null"
"0500000US36117","Wayne County, New York","null","null","null","null","null","null"
"0500000US72113","Ponce Municipio, Puerto Rico","null","null","null","null","null","null"
"0500000US39109","Miami County, Ohio","null","null","null","null","null","null"
"0500000US48347","Nacogdoches County, Texas","null","null","null","null","null","null"
"0500000US22109","Terrebonne Parish, Louisiana","null","null","null","null","null","null"
"0500000US22063","Livingston Parish, Louisiana","null","null","null","null","null","null"
"0500000US53053","Pierce County, Washington","null","null","null","null","null","null"
"0500000US34027","Morris County, New Jersey","null","null","null","null","null","null"
"0500000US22057","Lafourche Parish, Louisiana","null","null","null","null","null","null"
"0500000US72135","Toa Alta Municipio, Puerto Rico","null","null","null","null","null","null"
"0500000US45057","Lancaster County, South Carolina","null","null","null","null","null","null"
"0500000US72031","Carolina Municipio, Puerto Rico","null","null","null","null","null","null"
"0500000US55089","Ozaukee County, Wisconsin","null","null","null","null","null","null"
"0500000US06097","Sonoma County, California","null","null","null","null","null","null"
"0500000US23005","Cumberland County, Maine","null","null","null","null","null","null"
"0500000US06023","Humboldt County, California","null","null","null","null","null","null"
"0500000US18127","Porter County, Indiana","null","null","null","null","null","null"
"0500000US36027","Dutchess County, New York","null","null","null","null","null","null"
"0500000US42107","Schuylkill County, Pennsylvania","null","null","null","null","null","null"
"0500000US51165","Rockingham County, Virginia","null","null","null","null","null","null"
"0500000US37027","Caldwell County, North Carolina","null","null","null","null","null","null"
"0500000US37089","Henderson County, North Carolina","null","null","null","null","null","null"
"0500000US36093","Schenectady County, New York","null","null","null","null","null","null"
"0500000US37037","Chatham County, North Carolina","null","null","null","null","null","null"
"0500000US18095","Madison County, Indiana","null","null","null","null","null","null"
"0500000US42055","Franklin County, Pennsylvania","null","null","null","null","null","null"
"0500000US12055","Highlands County, Florida","null","null","null","null","null","null"
"0500000US13295","Walker County, Georgia","null","null","null","null","null","null"
"0500000US35035","Otero County, New Mexico","null","null","null","null","null","null"
"0500000US02020","Anchorage Municipality, Alaska","null","null","null","null","null","null"
"0500000US26075","Jackson County, Michigan","null","null","null","null","null","null"
"0500000US29037","Cass County, Missouri","null","null","null","null","null","null"
"0500000US26055","Grand Traverse County, Michigan","null","null","null","null","null","null"
"0500000US26087","Lapeer County, Michigan","null","null","null","null","null","null"
"0500000US29071","Franklin County, Missouri","null","null","null","null","null","null"
"0500000US17167","Sangamon County, Illinois","null","null","null","null","null","null"
"0500000US51199","York County, Virginia","null","null","null","null","null","null"
"0500000US37191","Wayne County, North Carolina","null","null","null","null","null","null"
"0500000US72061","Guaynabo Municipio, Puerto Rico","null","null","null","null","null","null"
"0500000US39045","Fairfield County, Ohio","null","null","null","null","null","null"
"0500000US48209","Hays County, Texas","null","null","null","null","null","null"
"0500000US12119","Sumter County, Florida","null","null","null","null","null","null"
"0500000US34031","Passaic County, New Jersey","null","null","null","null","null","null"
"0500000US42027","Centre County, Pennsylvania","null","null","null","null","null","null"
"0500000US12083","Marion County, Florida","null","null","null","null","null","null"
"0500000US42073","Lawrence County, Pennsylvania","null","null","null","null","null","null"
"0500000US48339","Montgomery County, Texas","null","null","null","null","null","null"
"0500000US33009","Grafton County, New Hampshire","null","null","null","null","null","null"
"0500000US37129","New Hanover County, North Carolina","null","null","null","null","null","null"
"0500000US23001","Androscoggin County, Maine","null","null","null","null","null","null"
"0500000US39043","Erie County, Ohio","null","null","null","null","null","null"
"0500000US04003","Cochise County, Arizona","null","null","null","null","null","null"
"0500000US21227","Warren County, Kentucky","null","null","null","null","null","null"
"0500000US34023","Middlesex County, New Jersey","null","null","null","null","null","null"
"0500000US10001","Kent County, Delaware","null","null","null","null","null","null"
"0500000US48181","Grayson County, Texas","null","null","null","null","null","null"
"0500000US13059","Clarke County, Georgia","null","null","null","null","null","null"
"0500000US45073","Oconee County, South Carolina","null","null","null","null","null","null"
"0500000US34021","Mercer County, New Jersey","null","null","null","null","null","null"
"0500000US26037","Clinton County, Michigan","null","null","null","null","null","null"
"0500000US17199","Williamson County, Illinois","null","null","null","null","null","null"
"0500000US13045","Carroll County, Georgia","null","null","null","null","null","null"
"0500000US34025","Monmouth County, New Jersey","null","null","null","null","null","null"
"0500000US06057","Nevada County, California","null","null","null","null","null","null"
"0500000US13097","Douglas County, Georgia","null","null","null","null","null","null"
"0500000US01051","Elmore County, Alabama","null","null","null","null","null","null"
