"GEO_ID","id",
"NAME","Geographic Area Name",
"B25081_001E","Estimate!!Total",
"B25081_001M","Margin of Error!!Total",
"B25081_002E","Estimate!!Total!!Housing units with a mortgage, contract to purchase, or similar debt",
"B25081_002M","Margin of Error!!Total!!Housing units with a mortgage, contract to purchase, or similar debt",
"B25081_003E","Estimate!!Total!!Housing units with a mortgage, contract to purchase, or similar debt!!With either a second mortgage or home equity loan, but not both",
"B25081_003M","Margin of Error!!Total!!Housing units with a mortgage, contract to purchase, or similar debt!!With either a second mortgage or home equity loan, but not both",
"B25081_004E","Estimate!!Total!!Housing units with a mortgage, contract to purchase, or similar debt!!With either a second mortgage or home equity loan, but not both!!Second mortgage only",
"B25081_004M","Margin of Error!!Total!!Housing units with a mortgage, contract to purchase, or similar debt!!With either a second mortgage or home equity loan, but not both!!Second mortgage only",
"B25081_005E","Estimate!!Total!!Housing units with a mortgage, contract to purchase, or similar debt!!With either a second mortgage or home equity loan, but not both!!Home equity loan only",
"B25081_005M","Margin of Error!!Total!!Housing units with a mortgage, contract to purchase, or similar debt!!With either a second mortgage or home equity loan, but not both!!Home equity loan only",
"B25081_006E","Estimate!!Total!!Housing units with a mortgage, contract to purchase, or similar debt!!Both second mortgage and home equity loan",
"B25081_006M","Margin of Error!!Total!!Housing units with a mortgage, contract to purchase, or similar debt!!Both second mortgage and home equity loan",
"B25081_007E","Estimate!!Total!!Housing units with a mortgage, contract to purchase, or similar debt!!No second mortgage and no home equity loan",
"B25081_007M","Margin of Error!!Total!!Housing units with a mortgage, contract to purchase, or similar debt!!No second mortgage and no home equity loan",
"B25081_008E","Estimate!!Total!!Housing units without a mortgage",
"B25081_008M","Margin of Error!!Total!!Housing units without a mortgage",
