"GEO_ID","NAME","B10010_001E","B10010_001M","B10010_002E","B10010_002M","B10010_003E","B10010_003M"
"id","Geographic Area Name","Estimate!!Median family income in the past 12 months!!Total","Margin of Error!!Median family income in the past 12 months!!Total","Estimate!!Median family income in the past 12 months!!Grandparent householder and/or spouse responsible for grandchildren under 18 years (dollars)","Margin of Error!!Median family income in the past 12 months!!Grandparent householder and/or spouse responsible for grandchildren under 18 years (dollars)","Estimate!!Median family income in the past 12 months!!Grandparent householder and/or spouse responsible for grandchildren under 18 years and no parent present (dollars)","Margin of Error!!Median family income in the past 12 months!!Grandparent householder and/or spouse responsible for grandchildren under 18 years and no parent present (dollars)"
"0500000US25015","Hampshire County, Massachusetts","96705","61969","46458","1189","-","**"
"0500000US25017","Middlesex County, Massachusetts","81389","10713","73333","32041","91611","67263"
"0500000US25023","Plymouth County, Massachusetts","84539","13512","68254","19208","22251","36879"
"0500000US25025","Suffolk County, Massachusetts","54619","14686","41923","13619","36027","21596"
"0500000US25027","Worcester County, Massachusetts","60775","20801","43904","15421","41372","21259"
"0500000US26017","Bay County, Michigan","40833","33679","58403","11494","58824","661"
"0500000US26021","Berrien County, Michigan","33615","9046","32903","17743","25463","8984"
"0500000US26025","Calhoun County, Michigan","33977","13532","31599","2025","30402","16959"
"0500000US26037","Clinton County, Michigan","29657","22980","37639","24771","29470","13878"
"0500000US26049","Genesee County, Michigan","37370","9078","32483","13144","11696","15139"
"0500000US26065","Ingham County, Michigan","53303","26604","54342","25445","42278","25721"
"0500000US26075","Jackson County, Michigan","40381","11870","29413","16772","23735","10943"
"0500000US26077","Kalamazoo County, Michigan","51303","10480","43735","17731","44849","9368"
"0500000US26081","Kent County, Michigan","64913","13987","68675","11985","61178","43219"
"0500000US26087","Lapeer County, Michigan","80208","48756","66554","41445","36817","13736"
"0500000US26093","Livingston County, Michigan","76250","25237","66380","43058","-","**"
"0500000US26099","Macomb County, Michigan","53408","8003","41287","15775","68132","71015"
"0500000US26103","Marquette County, Michigan","46511","10635","46511","10635","46163","773"
"0500000US26115","Monroe County, Michigan","46563","20727","47326","18434","50801","15069"
"0500000US26125","Oakland County, Michigan","67700","10996","72232","12559","49575","42939"
"0500000US26139","Ottawa County, Michigan","52627","6200","85148","61482","24391","26937"
"0500000US26145","Saginaw County, Michigan","35685","5954","34090","5886","19269","15449"
"0500000US26155","Shiawassee County, Michigan","51750","12228","40948","25968","-","**"
"0500000US26161","Washtenaw County, Michigan","57177","17754","55605","19089","45761","15105"
"0500000US26163","Wayne County, Michigan","40634","2104","37550","4751","34036","12199"
"0500000US27003","Anoka County, Minnesota","69467","18922","68588","51164","60724","12091"
"0500000US27019","Carver County, Minnesota","71938","12354","75503","16948","-","**"
"0500000US27037","Dakota County, Minnesota","67818","20704","57481","25021","117555","114094"
"0500000US27053","Hennepin County, Minnesota","54852","12981","45319","11693","42952","27757"
"0500000US27123","Ramsey County, Minnesota","67062","28209","26199","39880","18379","4778"
"0500000US27137","St. Louis County, Minnesota","76220","21450","65208","20807","41483","24653"
"0500000US27139","Scott County, Minnesota","90443","46581","59792","11944","63906","688"
"0500000US27145","Stearns County, Minnesota","42455","26641","54821","21458","56580","45351"
"0500000US27163","Washington County, Minnesota","66634","22411","66726","45383","9513","6876"
"0500000US27171","Wright County, Minnesota","94718","49677","94010","35109","-","**"
"0500000US28047","Harrison County, Mississippi","39233","24289","54940","17188","28051","46209"
"0500000US28049","Hinds County, Mississippi","29858","10567","30884","13097","25818","9643"
"0500000US28059","Jackson County, Mississippi","54178","20382","59716","59859","40010","39005"
"0500000US28067","Jones County, Mississippi","62396","24925","37338","48621","81060","748"
"0500000US28081","Lee County, Mississippi","32913","8097","29275","8046","-","**"
"0500000US28089","Madison County, Mississippi","42172","50806","28763","10345","36019","10527"
"0500000US28121","Rankin County, Mississippi","152503","146629","48532","27508","-","**"
"0500000US29019","Boone County, Missouri","35499","11751","35981","8404","30519","18492"
"0500000US29021","Buchanan County, Missouri","41421","2823","61397","46330","96058","51551"
"0500000US29031","Cape Girardeau County, Missouri","60634","22561","60800","26983","-","**"
"0500000US29043","Christian County, Missouri","69777","45629","85498","29916","-","**"
"0500000US29047","Clay County, Missouri","61959","27824","56392","20232","56261","20364"
"0500000US29071","Franklin County, Missouri","39976","31984","38180","27028","31468","10177"
"0500000US29095","Jackson County, Missouri","46419","10589","39167","15490","24904","10504"
"0500000US29097","Jasper County, Missouri","56961","6015","53438","9247","40375","62117"
"0500000US29099","Jefferson County, Missouri","53424","16970","47363","18393","30886","39451"
"0500000US29165","Platte County, Missouri","97760","44717","132597","60492","105433","46628"
"0500000US29183","St. Charles County, Missouri","70272","32710","56438","39702","71014","25788"
"0500000US29189","St. Louis County, Missouri","62059","9054","49079","11897","41921","11249"
"0500000US29510","St. Louis city, Missouri","31708","5637","28993","4796","19559","7050"
"0500000US30029","Flathead County, Montana","61889","25831","80732","24627","-","**"
"0500000US30031","Gallatin County, Montana","40108","23000","29816","22757","28607","668"
"0500000US30111","Yellowstone County, Montana","75386","23251","75168","30271","27825","28848"
"0500000US31055","Douglas County, Nebraska","58451","11629","57802","29389","60012","41442"
"0500000US31109","Lancaster County, Nebraska","61594","20037","63315","17917","71522","49200"
"0500000US31153","Sarpy County, Nebraska","88678","28253","105114","32723","69400","109287"
"0500000US32003","Clark County, Nevada","51794","9244","49452","4553","35172","23271"
"0500000US32031","Washoe County, Nevada","47906","7864","44626","13153","23178","8409"
"0500000US33009","Grafton County, New Hampshire","79448","16631","78721","59331","41944","7213"
"0500000US33013","Merrimack County, New Hampshire","69511","26007","103206","24807","88587","48726"
"0500000US33015","Rockingham County, New Hampshire","96650","22570","82734","43002","81164","41542"
"0500000US33017","Strafford County, New Hampshire","79540","63505","48839","45906","-","**"
"0500000US34003","Bergen County, New Jersey","91065","28578","62112","23982","117157","12581"
"0500000US34005","Burlington County, New Jersey","82077","5928","81071","23465","58222","25225"
"0500000US34007","Camden County, New Jersey","64700","17991","44531","22061","43849","23348"
"0500000US34011","Cumberland County, New Jersey","51383","14884","48607","31445","25780","5261"
"0500000US34013","Essex County, New Jersey","52321","15448","32036","6930","29968","6875"
"0500000US34015","Gloucester County, New Jersey","90698","8553","91829","21008","74490","46659"
"0500000US34017","Hudson County, New Jersey","57452","6596","56475","6743","42195","62849"
"0500000US34023","Middlesex County, New Jersey","72354","32331","44480","34122","108700","74084"
"0500000US34025","Monmouth County, New Jersey","66818","24494","58194","12334","41699","7655"
"0500000US34027","Morris County, New Jersey","108163","39551","62315","47475","107902","40531"
"0500000US34029","Ocean County, New Jersey","84209","32659","99783","13760","127820","119209"
"0500000US34031","Passaic County, New Jersey","62680","13691","64224","29815","31378","36687"
"0500000US34039","Union County, New Jersey","75791","22082","62972","28602","51060","15699"
"0500000US35001","Bernalillo County, New Mexico","49421","7284","45669","6652","31815","17211"
"0500000US35005","Chaves County, New Mexico","67353","26312","72690","64749","23702","13219"
"0500000US35035","Otero County, New Mexico","30039","27916","28835","12514","27602","17625"
"0500000US35043","Sandoval County, New Mexico","47318","20709","50772","19920","50294","13577"
"0500000US36005","Bronx County, New York","34713","6197","31048","5993","21699","6792"
"0500000US36007","Broome County, New York","44736","14869","28400","23417","27471","2300"
"0500000US36011","Cayuga County, New York","78318","29892","78523","42409","24762","19404"
"0500000US36013","Chautauqua County, New York","47259","14862","43356","5631","45542","12128"
"0500000US36027","Dutchess County, New York","41970","23749","40736","13463","50194","50152"
"0500000US36029","Erie County, New York","47706","11472","24060","7776","21771","5625"
"0500000US36047","Kings County, New York","45605","5421","41512","4921","24347","9283"
"0500000US36051","Livingston County, New York","39423","17453","45375","14196","-","**"
"0500000US36053","Madison County, New York","53611","28228","54375","24230","-","**"
"0500000US36055","Monroe County, New York","67491","13663","65951","25838","14756","16789"
"0500000US36059","Nassau County, New York","100019","12910","74991","11959","69214","92333"
"0500000US36061","New York County, New York","29141","5123","25539","13143","13852","4119"
"0500000US36063","Niagara County, New York","60977","27621","99112","61676","28260","11782"
"0500000US36067","Onondaga County, New York","42129","16127","40388","16371","19703","29785"
"0500000US36069","Ontario County, New York","58464","28952","50481","35683","63125","30494"
"0500000US36071","Orange County, New York","65120","22086","50637","35208","16672","1222"
"0500000US36079","Putnam County, New York","77494","35085","-","**","-","**"
"0500000US36081","Queens County, New York","71656","9926","64798","5564","29699","43978"
"0500000US36083","Rensselaer County, New York","59426","4714","59213","7319","62158","17023"
"0500000US36087","Rockland County, New York","128144","43633","97723","48327","145139","171593"
"0500000US36089","St. Lawrence County, New York","80207","38291","57331","54092","41696","29244"
"0500000US36091","Saratoga County, New York","62867","10310","61825","2331","61142","880"
"0500000US36093","Schenectady County, New York","54508","10083","52725","12346","46335","20696"
"0500000US36101","Steuben County, New York","47553","16246","40293","17561","31250","24392"
"0500000US36103","Suffolk County, New York","91475","7999","67379","10338","45265","25419"
"0500000US36105","Sullivan County, New York","49646","6858","48990","33732","48056","27002"
"0500000US36109","Tompkins County, New York","90448","41593","71534","48726","62682","32217"
"0500000US36111","Ulster County, New York","70418","12549","69882","20878","67520","46364"
"0500000US36113","Warren County, New York","75398","85261","75648","65555","-","**"
"0500000US36119","Westchester County, New York","79574","13656","42624","22039","70639","52320"
"0500000US37001","Alamance County, North Carolina","38163","6684","34644","3290","46538","16965"
"0500000US37023","Burke County, North Carolina","22217","24591","30000","25619","28969","30618"
"0500000US37031","Carteret County, North Carolina","42262","19005","41964","24950","31203","14215"
"0500000US37035","Catawba County, North Carolina","27190","10216","27115","10999","25636","2508"
"0500000US37045","Cleveland County, North Carolina","36018","23596","28860","20473","-","**"
"0500000US37051","Cumberland County, North Carolina","72026","42410","40326","9410","40916","8799"
"0500000US37057","Davidson County, North Carolina","54432","5556","54580","25145","53571","16262"
"0500000US37063","Durham County, North Carolina","36563","12075","29738","16626","66133","49875"
"0500000US37071","Gaston County, North Carolina","44803","12875","39280","20313","23041","7826"
"0500000US37081","Guilford County, North Carolina","38861","13198","43209","20892","24811","13832"
"0500000US37085","Harnett County, North Carolina","47083","14053","55377","35289","73635","24456"
"0500000US37089","Henderson County, North Carolina","54942","23331","67699","8833","62244","69478"
"0500000US37101","Johnston County, North Carolina","40363","16749","40093","23287","31002","31845"
"0500000US37109","Lincoln County, North Carolina","94071","109493","62745","66745","35154","24417"
"0500000US37119","Mecklenburg County, North Carolina","32237","13787","24737","6490","13447","5735"
"0500000US37127","Nash County, North Carolina","54556","10838","53556","24678","58750","5767"
"0500000US37129","New Hanover County, North Carolina","59446","86150","98784","103097","130583","50261"
"0500000US37133","Onslow County, North Carolina","52217","25518","46287","39137","46481","50057"
"0500000US37147","Pitt County, North Carolina","38625","17182","33958","12180","32772","45167"
"0500000US37151","Randolph County, North Carolina","31581","26929","20884","11359","28063","7403"
"0500000US37155","Robeson County, North Carolina","33045","3790","31525","4029","31164","18705"
"0500000US37157","Rockingham County, North Carolina","27056","20383","35358","21086","27278","22901"
"0500000US37161","Rutherford County, North Carolina","42550","17303","42813","15491","34024","17326"
"0500000US37171","Surry County, North Carolina","40377","32558","40689","22413","22610","17515"
"0500000US37179","Union County, North Carolina","50642","9103","53371","13651","53244","20338"
"0500000US37183","Wake County, North Carolina","60414","25127","55788","46033","27238","15830"
"0500000US37193","Wilkes County, North Carolina","24401","16003","24384","16768","33172","31433"
"0500000US38015","Burleigh County, North Dakota","58206","6418","-","**","-","**"
"0500000US39003","Allen County, Ohio","42193","26100","41936","31999","58961","41245"
"0500000US39007","Ashtabula County, Ohio","43026","23676","38561","29774","33816","7711"
"0500000US39017","Butler County, Ohio","55500","18550","61493","25365","39969","36027"
"0500000US39023","Clark County, Ohio","51736","20211","42278","25177","44038","35981"
"0500000US39025","Clermont County, Ohio","68421","9950","66681","14394","68174","11841"
"0500000US39029","Columbiana County, Ohio","46441","6245","46471","32117","60045","39864"
"0500000US39035","Cuyahoga County, Ohio","41997","5160","37331","4653","29630","8767"
"0500000US39041","Delaware County, Ohio","67679","52362","41776","14773","51007","15369"
"0500000US39045","Fairfield County, Ohio","69479","17643","66351","16811","65709","31563"
"0500000US39049","Franklin County, Ohio","51250","11674","34240","12489","22775","7881"
"0500000US39055","Geauga County, Ohio","79214","21334","96288","45740","-","**"
"0500000US39061","Hamilton County, Ohio","47057","9723","36250","8987","25878","14276"
"0500000US39063","Hancock County, Ohio","27859","26186","28481","17444","80179","6616"
"0500000US39089","Licking County, Ohio","66904","5815","66412","4504","70843","21619"
"0500000US39093","Lorain County, Ohio","42946","4961","40692","7702","30557","11784"
"0500000US39095","Lucas County, Ohio","39091","11190","31706","12480","33230","21985"
"0500000US39099","Mahoning County, Ohio","43046","6311","40093","7819","51250","45576"
"0500000US39101","Marion County, Ohio","58858","25240","45556","39389","82813","70619"
"0500000US39103","Medina County, Ohio","48306","37807","33333","21650","37138","10946"
"0500000US39109","Miami County, Ohio","48953","25716","48372","51238","24472","19601"
"0500000US39113","Montgomery County, Ohio","35145","6418","31973","5052","30459","8021"
"0500000US39119","Muskingum County, Ohio","53725","15962","47518","23013","31744","19626"
"0500000US39133","Portage County, Ohio","74798","23319","77734","21565","57727","16336"
"0500000US39139","Richland County, Ohio","52780","17982","40170","27244","26486","6430"
"0500000US39141","Ross County, Ohio","48750","38642","29477","35753","62818","27981"
"0500000US39145","Scioto County, Ohio","40212","12360","27925","19488","18008","4427"
"0500000US39151","Stark County, Ohio","43409","23100","29054","3252","31614","42604"
"0500000US39153","Summit County, Ohio","57616","14991","47258","11444","43086","14740"
"0500000US39173","Wood County, Ohio","36379","23925","31290","5698","31240","1030"
"0500000US40017","Canadian County, Oklahoma","63177","22259","46063","27151","53897","67560"
"0500000US40031","Comanche County, Oklahoma","59738","26986","42125","31536","50833","37112"
"0500000US40037","Creek County, Oklahoma","44318","19594","50052","29273","50789","44105"
"0500000US40109","Oklahoma County, Oklahoma","49992","8786","48389","9469","41541","18031"
"0500000US40119","Payne County, Oklahoma","93269","28095","93351","28255","47649","13374"
"0500000US40143","Tulsa County, Oklahoma","50669","5880","43501","5560","36089","11530"
"0500000US40145","Wagoner County, Oklahoma","57674","33570","43386","13944","58547","3249"
"0500000US41005","Clackamas County, Oregon","84071","16818","63144","21845","49211","62601"
"0500000US41017","Deschutes County, Oregon","64798","16635","68271","12453","87544","119484"
"0500000US41019","Douglas County, Oregon","70291","40928","51641","31383","43577","14866"
"0500000US41033","Josephine County, Oregon","17432","28583","-","**","-","**"
"0500000US41039","Lane County, Oregon","55400","19049","52418","15585","54023","34376"
"0500000US41043","Linn County, Oregon","65542","25969","54643","10240","57767","13939"
"0500000US41047","Marion County, Oregon","38102","22996","36322","18774","67713","56011"
"0500000US41051","Multnomah County, Oregon","63159","17156","43067","15559","37996","14542"
"0500000US41053","Polk County, Oregon","61976","9604","65019","18309","108247","81337"
"0500000US41059","Umatilla County, Oregon","51947","9367","51279","20112","42813","48744"
"0500000US41067","Washington County, Oregon","63208","12445","54428","27889","31152","14462"
"0500000US42001","Adams County, Pennsylvania","65152","33734","57935","15830","58696","39514"
"0500000US42003","Allegheny County, Pennsylvania","54490","11034","46155","10516","40570","11201"
"0500000US42005","Armstrong County, Pennsylvania","52212","29611","16825","26157","16074","2497"
"0500000US42007","Beaver County, Pennsylvania","60510","12990","36121","9184","19432","25084"
"0500000US42011","Berks County, Pennsylvania","49205","14135","32910","16698","27743","30088"
"0500000US42013","Blair County, Pennsylvania","47374","9226","36938","22166","35021","17030"
"0500000US42017","Bucks County, Pennsylvania","72262","13316","60054","27970","40888","28394"
"0500000US42021","Cambria County, Pennsylvania","41123","16141","46934","25011","41938","30610"
"0500000US42025","Carbon County, Pennsylvania","17115","32136","13946","20960","13630","1510"
"0500000US42027","Centre County, Pennsylvania","58667","64706","26909","25223","26287","386"
"0500000US42029","Chester County, Pennsylvania","55529","10788","37110","15513","53250","48028"
"0500000US42033","Clearfield County, Pennsylvania","51793","9612","51628","2608","51653","1783"
"0500000US42039","Crawford County, Pennsylvania","62921","14381","29903","18307","22303","20556"
"0500000US42041","Cumberland County, Pennsylvania","74729","35743","102831","103141","-","**"
"0500000US42045","Delaware County, Pennsylvania","65893","17490","58356","20429","49147","20648"
"0500000US42049","Erie County, Pennsylvania","64137","9723","64315","28372","111612","118295"
"0500000US42051","Fayette County, Pennsylvania","51113","11893","31699","32533","31558","30674"
"0500000US42055","Franklin County, Pennsylvania","64237","54885","103446","83586","2,500-","***"
"0500000US42071","Lancaster County, Pennsylvania","46501","12821","29543","18979","12420","6931"
"0500000US42073","Lawrence County, Pennsylvania","38250","17265","23990","17333","16588","774"
"0500000US42077","Lehigh County, Pennsylvania","44797","6872","44893","11141","10000","2945"
"0500000US42079","Luzerne County, Pennsylvania","43188","18257","30102","7316","24086","23547"
"0500000US42091","Montgomery County, Pennsylvania","88051","17299","89154","29624","53887","33735"
"0500000US42095","Northampton County, Pennsylvania","55388","20681","35536","23449","59779","26899"
"0500000US42101","Philadelphia County, Pennsylvania","39972","6507","35478","7476","21962","11455"
"0500000US42111","Somerset County, Pennsylvania","54671","27909","49000","23323","46897","1575"
"0500000US42125","Washington County, Pennsylvania","55121","19362","45955","20887","35503","19979"
"0500000US42129","Westmoreland County, Pennsylvania","57894","17124","42215","25546","38906","28215"
"0500000US42133","York County, Pennsylvania","52310","6362","22446","23550","18762","2936"
"0500000US44007","Providence County, Rhode Island","61375","15057","62451","24625","36339","46339"
"0500000US44009","Washington County, Rhode Island","71494","34249","-","**","-","**"
"0500000US45003","Aiken County, South Carolina","42537","27401","38674","23313","50058","20965"
"0500000US45007","Anderson County, South Carolina","38725","15758","43917","26080","34640","25321"
"0500000US45019","Charleston County, South Carolina","39294","15180","40604","24468","43949","52209"
"0500000US45031","Darlington County, South Carolina","45588","7275","40703","16382","41445","13987"
"0500000US45041","Florence County, South Carolina","41718","12558","37060","14537","40669","16334"
"0500000US45045","Greenville County, South Carolina","51525","9281","50948","14395","56250","42538"
"0500000US45059","Laurens County, South Carolina","40877","27235","58750","40550","38524","18976"
"0500000US45075","Orangeburg County, South Carolina","32843","9631","26917","13359","14821","13154"
"0500000US45077","Pickens County, South Carolina","27228","19987","27158","13091","26781","11519"
"0500000US45079","Richland County, South Carolina","46458","6204","48520","9901","34668","41860"
"0500000US45083","Spartanburg County, South Carolina","29109","5766","28546","7805","20094","14373"
"0500000US45085","Sumter County, South Carolina","47486","9573","45694","24624","27177","30510"
"0500000US45091","York County, South Carolina","45129","19657","22278","30346","11220","5471"
"0500000US46099","Minnehaha County, South Dakota","38682","59377","24837","19896","38174","20659"
"0500000US46103","Pennington County, South Dakota","34283","20448","33125","29378","33022","27715"
"0500000US47009","Blount County, Tennessee","31834","23970","27604","17519","23458","19312"
"0500000US47011","Bradley County, Tennessee","35914","24268","24109","3643","25967","6189"
"0500000US47037","Davidson County, Tennessee","54882","6931","46157","24033","42614","28626"
"0500000US47059","Greene County, Tennessee","24771","14573","23125","18156","15594","11662"
"0500000US47065","Hamilton County, Tennessee","35638","9596","39785","14801","18914","16198"
"0500000US47093","Knox County, Tennessee","55148","9632","56859","8175","51431","15087"
"0500000US47119","Maury County, Tennessee","54000","19993","54252","35220","75175","76828"
"0500000US47125","Montgomery County, Tennessee","59444","14601","55038","22376","45516","33071"
"0500000US47147","Robertson County, Tennessee","35247","13749","28659","18850","35779","12479"
"0500000US47155","Sevier County, Tennessee","66507","27446","58479","8538","93571","43069"
"0500000US47157","Shelby County, Tennessee","38383","5829","38077","11774","32455","18247"
"0500000US47179","Washington County, Tennessee","115357","70223","89947","73696","48068","50867"
"0500000US47187","Williamson County, Tennessee","83678","48237","67033","13364","-","**"
"0500000US47189","Wilson County, Tennessee","34631","20998","34649","28333","46212","54747"
"0500000US48005","Angelina County, Texas","50066","17005","33063","9527","33836","21693"
"0500000US48021","Bastrop County, Texas","73009","23339","73036","19397","-","**"
"0500000US48027","Bell County, Texas","50439","14339","41469","28115","50975","9229"
"0500000US48029","Bexar County, Texas","54382","6373","51706","8792","27500","12037"
"0500000US48037","Bowie County, Texas","34457","8569","34073","9248","26588","15907"
"0500000US48061","Cameron County, Texas","37780","8750","36176","19673","16025","15019"
"0500000US48085","Collin County, Texas","79965","26020","54300","40703","78367","57637"
"0500000US48099","Coryell County, Texas","35762","47824","30303","10107","24395","10903"
"0500000US48113","Dallas County, Texas","48567","4052","44594","5048","29655","7276"
"0500000US48121","Denton County, Texas","86534","27420","97685","40843","55946","49481"
"0500000US48135","Ector County, Texas","65566","16160","67203","18470","59274","20295"
"0500000US48141","El Paso County, Texas","43560","5715","32222","8622","33827","28997"
"0500000US48157","Fort Bend County, Texas","83454","26694","84180","37499","57177","49027"
"0500000US48181","Grayson County, Texas","65247","22180","61764","21054","41406","40532"
"0500000US48187","Guadalupe County, Texas","76893","32905","84787","41651","93496","23590"
"0500000US48201","Harris County, Texas","52306","5599","41716","4033","30253","11559"
"0500000US48209","Hays County, Texas","71918","20518","85705","131426","85365","16697"
"0500000US48213","Henderson County, Texas","40344","34148","40453","23767","53036","63552"
"0500000US48215","Hidalgo County, Texas","34181","6289","31489","5684","16992","18316"
"0500000US48231","Hunt County, Texas","54457","10407","55097","20263","41807","23251"
"0500000US48245","Jefferson County, Texas","50166","12257","33356","11300","31476","7873"
"0500000US48251","Johnson County, Texas","62731","28868","54900","25221","39591","16763"
"0500000US48257","Kaufman County, Texas","66195","17244","66906","44514","80718","47378"
"0500000US48291","Liberty County, Texas","85591","14893","81941","11859","42418","12968"
"0500000US48303","Lubbock County, Texas","43626","19916","42956","17941","26550","19910"
"0500000US48309","McLennan County, Texas","66361","10232","66575","11834","26899","31657"
"0500000US48329","Midland County, Texas","58480","10857","58081","21178","51311","45111"
"0500000US48339","Montgomery County, Texas","53721","17859","48686","29278","15589","15638"
"0500000US48355","Nueces County, Texas","41673","5792","35498","7428","23088","7228"
"0500000US48375","Potter County, Texas","40278","10691","35858","3990","33951","1827"
"0500000US48381","Randall County, Texas","72221","20094","66319","23372","34514","37870"
"0500000US48397","Rockwall County, Texas","112858","128416","113162","97949","-","**"
"0500000US48423","Smith County, Texas","48307","20973","40135","11689","22401","11132"
"0500000US48439","Tarrant County, Texas","52082","2495","46701","6635","40871","12610"
"0500000US48441","Taylor County, Texas","51758","5230","50467","13286","51223","3470"
"0500000US48451","Tom Green County, Texas","44500","29118","45718","35274","40348","19336"
"0500000US48453","Travis County, Texas","53312","7927","50301","12291","30466","23478"
"0500000US48485","Wichita County, Texas","46397","15677","26923","11974","42500","58433"
"0500000US48491","Williamson County, Texas","68006","20557","73185","47632","53361","29511"
"0500000US49005","Cache County, Utah","79558","63205","120194","41583","-","**"
"0500000US49011","Davis County, Utah","92909","28327","61357","5695","26891","9785"
"0500000US49035","Salt Lake County, Utah","66141","6959","55233","7752","55424","32758"
"0500000US49049","Utah County, Utah","89449","12176","79219","11527","37104","10400"
"0500000US49057","Weber County, Utah","63596","16516","52105","33452","44904","22978"
"0500000US50007","Chittenden County, Vermont","74476","49080","72988","61871","46365","23558"
"0500000US51013","Arlington County, Virginia","81775","85387","112708","64277","-","**"
"0500000US51019","Bedford County, Virginia","68986","25457","68772","35284","-","**"
"0500000US51041","Chesterfield County, Virginia","71843","10182","51554","25206","51520","50198"
"0500000US51059","Fairfax County, Virginia","85114","8938","52278","31158","34489","22196"
"0500000US51061","Fauquier County, Virginia","107761","2405","99201","24334","60503","69241"
"0500000US51069","Frederick County, Virginia","89364","50855","165409","161419","-","**"
"0500000US51087","Henrico County, Virginia","59662","20539","39767","28316","78740","12552"
"0500000US51107","Loudoun County, Virginia","177642","61943","177977","25679","112415","127033"
"0500000US51153","Prince William County, Virginia","121875","19443","100722","40838","102292","42735"
"0500000US51161","Roanoke County, Virginia","47930","45774","32255","51168","28919","5420"
"0500000US51165","Rockingham County, Virginia","90564","25671","88323","48988","-","**"
"0500000US51177","Spotsylvania County, Virginia","69698","9740","70572","3330","30878","14475"
"0500000US51199","York County, Virginia","92231","24458","162754","140969","-","**"
"0500000US51510","Alexandria city, Virginia","59890","27638","59960","28204","20417","29390"
"0500000US51550","Chesapeake city, Virginia","89938","28842","88875","37453","65653","56428"
"0500000US51650","Hampton city, Virginia","58684","26856","29714","26064","21762","7225"
"0500000US51680","Lynchburg city, Virginia","29781","23985","21571","16985","14219","7981"
"0500000US51700","Newport News city, Virginia","65927","19976","66334","29791","70212","56225"
"0500000US51710","Norfolk city, Virginia","47534","13534","38076","6646","31296","13868"
"0500000US51740","Portsmouth city, Virginia","50946","41267","49655","66708","9467","5578"
"0500000US51770","Roanoke city, Virginia","42786","13640","42240","16945","43472","39883"
"0500000US51810","Virginia Beach city, Virginia","82958","9562","81426","8477","67165","32586"
"0500000US53007","Chelan County, Washington","32961","14915","32961","14915","-","**"
"0500000US53011","Clark County, Washington","54962","8822","54858","11108","58406","9854"
"0500000US53015","Cowlitz County, Washington","60321","54494","63639","17794","30987","51931"
"0500000US53027","Grays Harbor County, Washington","51177","20467","50427","30010","51885","63024"
"0500000US53033","King County, Washington","72507","9344","62755","17019","43451","22025"
"0500000US53041","Lewis County, Washington","43307","9962","40357","26554","46129","21603"
"0500000US53053","Pierce County, Washington","59512","14024","80005","39663","50943","25162"
"0500000US53061","Snohomish County, Washington","73489","13034","67922","12880","66520","35945"
"0500000US53063","Spokane County, Washington","66380","10414","58161","15459","51149","18445"
"0500000US53073","Whatcom County, Washington","37029","16562","37243","22494","49011","19739"
"0500000US53077","Yakima County, Washington","53942","7051","51541","12000","50554","6893"
"0500000US54039","Kanawha County, West Virginia","58393","46426","39090","33309","83986","69566"
"0500000US55009","Brown County, Wisconsin","58213","15428","52538","22144","32205","24909"
"0500000US55025","Dane County, Wisconsin","40225","35987","24440","22212","41397","36978"
"0500000US55035","Eau Claire County, Wisconsin","72956","27586","58393","33625","50500","19579"
"0500000US55039","Fond du Lac County, Wisconsin","64337","24962","94926","36308","-","**"
"0500000US55055","Jefferson County, Wisconsin","61898","37194","41456","37419","-","**"
"0500000US55073","Marathon County, Wisconsin","56817","18679","61667","34763","60208","70836"
"0500000US55079","Milwaukee County, Wisconsin","47898","5934","33621","9977","22845","13591"
"0500000US55087","Outagamie County, Wisconsin","55240","9076","59614","33318","66728","12159"
"0500000US55097","Portage County, Wisconsin","103581","41328","250,000+","***","-","**"
"0500000US55101","Racine County, Wisconsin","54665","19997","40714","29213","40975","12378"
"0500000US55109","St. Croix County, Wisconsin","27042","43769","112974","107607","-","**"
"0500000US55117","Sheboygan County, Wisconsin","57223","32681","88125","127281","48865","528"
"0500000US55127","Walworth County, Wisconsin","49831","22347","42021","18643","42306","9953"
"0500000US55131","Washington County, Wisconsin","67838","6248","73415","17633","-","**"
"0500000US55133","Waukesha County, Wisconsin","104957","28343","79893","47060","108013","55649"
"0500000US55139","Winnebago County, Wisconsin","55842","9406","55938","6539","46763","16990"
"0500000US55141","Wood County, Wisconsin","66680","13454","46756","16822","46577","4654"
"0500000US56021","Laramie County, Wyoming","70531","33788","59000","35064","45904","36635"
"0500000US72021","Bayamón Municipio, Puerto Rico","33043","5200","32233","6819","31705","14762"
"0500000US72025","Caguas Municipio, Puerto Rico","28381","18890","32827","17264","11571","14310"
"0500000US72031","Carolina Municipio, Puerto Rico","31645","10309","25411","4908","22020","11098"
"0500000US72061","Guaynabo Municipio, Puerto Rico","34722","16276","25137","20641","-","**"
"0500000US72113","Ponce Municipio, Puerto Rico","25081","4657","22407","9890","13199","5177"
"0500000US72127","San Juan Municipio, Puerto Rico","19743","4404","17694","6223","9289","3558"
"0500000US72135","Toa Alta Municipio, Puerto Rico","32792","16375","23931","18783","72816","59252"
"0500000US72137","Toa Baja Municipio, Puerto Rico","25650","7898","25138","3976","18750","11302"
"0500000US01003","Baldwin County, Alabama","63537","17701","63643","34549","42843","50858"
"0500000US01015","Calhoun County, Alabama","39634","9995","27156","17429","26244","4422"
"0500000US01043","Cullman County, Alabama","60703","41851","57660","42968","54940","47510"
"0500000US01049","DeKalb County, Alabama","47566","18465","41765","30490","19844","19889"
"0500000US01055","Etowah County, Alabama","40663","10108","56161","34159","35814","23942"
"0500000US01069","Houston County, Alabama","28279","10753","27559","3775","25205","16519"
"0500000US01073","Jefferson County, Alabama","48525","6220","44718","12559","37452","25773"
"0500000US01077","Lauderdale County, Alabama","41687","24817","42059","40594","71134","40090"
"0500000US01089","Madison County, Alabama","34237","14181","37146","18692","21863","7938"
"0500000US01097","Mobile County, Alabama","37362","5816","32659","4969","34105","3084"
"0500000US01101","Montgomery County, Alabama","37820","12348","37525","12690","22994","27880"
"0500000US01103","Morgan County, Alabama","38199","32285","38496","30375","21700","19873"
"0500000US01115","St. Clair County, Alabama","26949","32091","48368","18355","29623","42495"
"0500000US01117","Shelby County, Alabama","34583","26422","44097","22464","65094","95832"
"0500000US01125","Tuscaloosa County, Alabama","43906","28538","36512","23448","24911","25751"
"0500000US01127","Walker County, Alabama","35555","18112","35664","15169","30000","24236"
"0500000US02020","Anchorage Municipality, Alaska","70797","16404","70023","23504","61500","23082"
"0500000US02170","Matanuska-Susitna Borough, Alaska","103370","14717","102698","17479","102611","46283"
"0500000US04001","Apache County, Arizona","35192","11943","30405","10008","13478","19636"
"0500000US04003","Cochise County, Arizona","36579","8823","29469","17408","29595","27621"
"0500000US04005","Coconino County, Arizona","44595","7718","45788","20884","71461","32697"
"0500000US04013","Maricopa County, Arizona","55729","5421","42949","6654","28052","9363"
"0500000US04015","Mohave County, Arizona","36079","17375","30813","18937","55148","15728"
"0500000US04017","Navajo County, Arizona","40127","9648","40517","10909","30388","9608"
"0500000US04019","Pima County, Arizona","35100","4234","36129","6356","29858","8811"
"0500000US04021","Pinal County, Arizona","46633","32996","57702","45857","60208","63438"
"0500000US05007","Benton County, Arkansas","35963","5050","35132","4937","33698","12939"
"0500000US05045","Faulkner County, Arkansas","46643","44848","40273","24719","19483","18690"
"0500000US05051","Garland County, Arkansas","41952","66641","92552","116633","40913","28436"
"0500000US05069","Jefferson County, Arkansas","36250","24385","50727","21156","21576","22015"
"0500000US05085","Lonoke County, Arkansas","43073","25772","35481","15380","36365","21352"
"0500000US05119","Pulaski County, Arkansas","52181","23419","40309","11962","31590","12554"
"0500000US05125","Saline County, Arkansas","55795","9274","52806","33707","38036","21244"
"0500000US05131","Sebastian County, Arkansas","26699","6646","20428","9214","9609","1578"
"0500000US05143","Washington County, Arkansas","82330","13906","82586","45956","88551","50165"
"0500000US05145","White County, Arkansas","32567","36155","43628","30592","19565","19802"
"0500000US06001","Alameda County, California","66866","12435","57206","18167","37172","20451"
"0500000US06007","Butte County, California","39581","19664","35697","14327","33116","24685"
"0500000US06019","Fresno County, California","39507","15092","32211","4827","21715","2547"
"0500000US06023","Humboldt County, California","49060","7150","47862","27524","47960","27073"
"0500000US06029","Kern County, California","48225","4235","43707","7262","35724","25483"
"0500000US06031","Kings County, California","51381","5929","50705","16517","31122","29145"
"0500000US06033","Lake County, California","48131","17866","53614","1686","52989","49034"
"0500000US06037","Los Angeles County, California","55090","1886","48153","3204","30490","8547"
"0500000US06039","Madera County, California","56986","25964","49579","61491","25327","11249"
"0500000US06047","Merced County, California","41000","8257","40118","12010","12110","15216"
"0500000US06053","Monterey County, California","54632","7053","49596","6998","46414","15320"
"0500000US06059","Orange County, California","74905","3706","67712","11894","74923","30664"
"0500000US06065","Riverside County, California","63161","6760","62960","4849","50716","15837"
"0500000US06067","Sacramento County, California","61749","5981","53428","9163","31458","23039"
"0500000US06071","San Bernardino County, California","60485","5115","59600","9026","44433","7784"
"0500000US06073","San Diego County, California","63699","5299","55299","8883","29205","17876"
"0500000US06077","San Joaquin County, California","56618","4632","55427","13572","40234","20874"
"0500000US06079","San Luis Obispo County, California","72431","22269","57894","35009","41298","33456"
"0500000US06081","San Mateo County, California","72944","17027","77555","45810","47995","43139"
"0500000US06083","Santa Barbara County, California","70995","17128","58365","35760","25297","32101"
"0500000US06085","Santa Clara County, California","84463","5561","92878","13275","51975","58105"
"0500000US06089","Shasta County, California","41916","11480","48934","28814","72928","39449"
"0500000US06095","Solano County, California","105821","24229","88059","41118","94099","42795"
"0500000US06097","Sonoma County, California","97924","36587","82124","12663","84099","38798"
"0500000US06099","Stanislaus County, California","49772","6758","42474","7478","35972","24699"
"0500000US06107","Tulare County, California","48202","6507","48889","13416","36076","27502"
"0500000US06111","Ventura County, California","77459","11625","60084","27199","31486","20781"
"0500000US06115","Yuba County, California","44736","5764","36681","19895","36164","35963"
"0500000US08001","Adams County, Colorado","53104","9211","53590","8280","32974","15069"
"0500000US08005","Arapahoe County, Colorado","49825","17709","43973","6492","44032","30412"
"0500000US08035","Douglas County, Colorado","101026","42328","95813","32765","23536","24042"
"0500000US08041","El Paso County, Colorado","58942","17566","37081","20434","37064","11514"
"0500000US08059","Jefferson County, Colorado","73341","26199","74881","44645","88942","74343"
"0500000US08069","Larimer County, Colorado","49359","20463","47944","23266","47549","7192"
"0500000US08101","Pueblo County, Colorado","49303","26755","33566","5098","31105","19604"
"0500000US08123","Weld County, Colorado","54931","11313","54053","25467","53188","38298"
"0500000US09001","Fairfield County, Connecticut","80364","8460","48344","50898","44363","12234"
"0500000US09003","Hartford County, Connecticut","52545","9517","53833","14348","30380","20118"
"0500000US09007","Middlesex County, Connecticut","88737","32308","88472","50452","75608","81589"
"0500000US09009","New Haven County, Connecticut","46811","9697","42914","7077","27456","16169"
"0500000US09011","New London County, Connecticut","84109","37765","77250","38618","51199","47722"
"0500000US09013","Tolland County, Connecticut","75168","8308","75693","67244","2,500-","***"
"0500000US09015","Windham County, Connecticut","41635","10752","41549","14194","64650","6608"
"0500000US10003","New Castle County, Delaware","80328","13633","74788","18986","32517","31312"
"0500000US10005","Sussex County, Delaware","52949","20755","40980","12408","30434","31048"
"0500000US11001","District of Columbia, District of Columbia","54935","17753","40986","16782","40750","33250"
"0500000US12001","Alachua County, Florida","51851","11457","51101","15906","23879","34379"
"0500000US12005","Bay County, Florida","42483","13509","42112","24238","62986","51199"
"0500000US12009","Brevard County, Florida","46437","10881","39716","19977","28682","4901"
"0500000US12011","Broward County, Florida","55302","6129","51349","13700","22724","19113"
"0500000US12015","Charlotte County, Florida","45228","16492","45316","14430","37622","12697"
"0500000US12019","Clay County, Florida","67848","19698","68124","17953","53690","3491"
"0500000US12021","Collier County, Florida","32654","3777","28270","25191","7184","6731"
"0500000US12023","Columbia County, Florida","34764","59642","28269","13387","21810","32105"
"0500000US12031","Duval County, Florida","42007","11232","37769","11478","40373","18229"
"0500000US12033","Escambia County, Florida","29847","11778","33149","12882","14489","17650"
"0500000US12035","Flagler County, Florida","43811","482","43655","551","-","**"
"0500000US12053","Hernando County, Florida","53233","17736","49248","15376","48234","23572"
"0500000US12055","Highlands County, Florida","65647","46313","38131","18859","39760","43702"
"0500000US12057","Hillsborough County, Florida","45899","10293","42239","15185","35059","9633"
"0500000US12069","Lake County, Florida","66345","15761","60009","15818","60332","27301"
"0500000US12071","Lee County, Florida","48750","19749","21676","35192","18960","4109"
"0500000US12073","Leon County, Florida","56611","21999","31221","18233","18546","8467"
"0500000US12083","Marion County, Florida","36472","19041","46996","29844","30947","15495"
"0500000US12085","Martin County, Florida","67512","39345","68017","30337","68250","55327"
"0500000US12086","Miami-Dade County, Florida","49196","5081","40173","4822","27260","13391"
"0500000US12087","Monroe County, Florida","102521","81791","69570","84746","68086","18401"
"0500000US12089","Nassau County, Florida","79015","21145","79463","14048","78235","90172"
"0500000US12091","Okaloosa County, Florida","69409","15885","59205","21950","70502","87110"
"0500000US12095","Orange County, Florida","50579","10316","43696","11423","29915","21115"
"0500000US12097","Osceola County, Florida","50531","6724","48537","19636","35818","10548"
"0500000US12099","Palm Beach County, Florida","51557","6755","40903","15982","50952","22827"
"0500000US12101","Pasco County, Florida","54264","26552","53076","21225","48134","41539"
"0500000US12103","Pinellas County, Florida","39845","8627","38859","17557","22401","12686"
"0500000US12105","Polk County, Florida","49683","16615","31516","18715","27334","16802"
"0500000US12107","Putnam County, Florida","48705","30068","48279","35279","49348","35832"
"0500000US12109","St. Johns County, Florida","89341","27720","95236","71094","95830","39617"
"0500000US12111","St. Lucie County, Florida","55603","33970","54734","26505","53259","11372"
"0500000US12113","Santa Rosa County, Florida","59467","9356","58933","45358","45417","32590"
"0500000US12115","Sarasota County, Florida","61891","17417","41462","9875","41679","4630"
"0500000US12127","Volusia County, Florida","35204","14320","24780","12783","23640","32396"
"0500000US13013","Barrow County, Georgia","76684","28790","90111","67054","-","**"
"0500000US13021","Bibb County, Georgia","39668","10663","28750","8121","21105","4033"
"0500000US13031","Bulloch County, Georgia","60509","45031","60747","43829","62204","2693"
"0500000US13051","Chatham County, Georgia","49523","16147","45043","8584","38660","15279"
"0500000US13063","Clayton County, Georgia","45425","17234","38888","15003","24756","29196"
"0500000US13067","Cobb County, Georgia","57219","28259","63317","27261","60587","46932"
"0500000US13073","Columbia County, Georgia","105111","89831","105786","57520","39855","2111"
"0500000US13089","DeKalb County, Georgia","39177","2749","38172","3722","20813","11772"
"0500000US13095","Dougherty County, Georgia","55426","13974","52650","20663","52383","36714"
"0500000US13097","Douglas County, Georgia","47209","9144","48926","3949","49956","91213"
"0500000US13113","Fayette County, Georgia","60809","14284","47319","25363","-","**"
"0500000US13115","Floyd County, Georgia","53592","18288","52782","21444","38861","6871"
"0500000US13117","Forsyth County, Georgia","63732","22656","53925","41213","53458","54557"
"0500000US13121","Fulton County, Georgia","32575","8344","31397","11473","21060","8784"
"0500000US13127","Glynn County, Georgia","52691","15858","52754","16822","40465","51489"
"0500000US13135","Gwinnett County, Georgia","66012","22489","52914","22784","49347","53687"
"0500000US13139","Hall County, Georgia","75911","40378","75517","64910","33385","23851"
"0500000US13151","Henry County, Georgia","22192","13688","36774","48544","22230","12179"
"0500000US13153","Houston County, Georgia","61006","43502","61388","55456","83542","45442"
"0500000US13179","Liberty County, Georgia","116016","159190","31654","10948","31455","4369"
"0500000US13215","Muscogee County, Georgia","40385","16907","33337","3719","29375","4841"
"0500000US13217","Newton County, Georgia","81277","7782","80121","51929","41587","53190"
"0500000US13223","Paulding County, Georgia","53546","4969","51582","8894","-","**"
"0500000US13245","Richmond County, Georgia","49760","11322","44452","16718","44276","22581"
"0500000US13247","Rockdale County, Georgia","41784","8527","41384","8069","14441","13662"
"0500000US13295","Walker County, Georgia","71824","12659","77792","18368","72248","21218"
"0500000US13297","Walton County, Georgia","34975","8534","33690","6276","29580","8576"
"0500000US15003","Honolulu County, Hawaii","107682","5663","90333","29884","41638","15233"
"0500000US15009","Maui County, Hawaii","99586","23588","52852","17836","47574","25722"
"0500000US16001","Ada County, Idaho","41823","16745","39877","39132","26238","4927"
"0500000US16005","Bannock County, Idaho","55000","29860","66875","59291","-","**"
"0500000US16027","Canyon County, Idaho","31308","11494","29917","4728","28194","20418"
"0500000US16083","Twin Falls County, Idaho","66554","1000","66948","25896","66442","17117"
"0500000US17001","Adams County, Illinois","48902","46319","68947","40579","120145","102645"
"0500000US17031","Cook County, Illinois","48532","3187","43779","4980","26864","4541"
"0500000US17089","Kane County, Illinois","82837","17707","61974","23028","137530","69212"
"0500000US17091","Kankakee County, Illinois","24529","10756","24060","1302","24126","25074"
"0500000US17097","Lake County, Illinois","59040","15442","54669","42076","27560","13167"
"0500000US17111","McHenry County, Illinois","91299","62043","41918","21374","42178","29289"
"0500000US17113","McLean County, Illinois","68570","22318","78997","46346","45051","18021"
"0500000US17115","Macon County, Illinois","51721","21876","40250","35412","24583","27169"
"0500000US17143","Peoria County, Illinois","43362","21930","42908","17676","28342","35510"
"0500000US17161","Rock Island County, Illinois","51275","16961","51388","21371","24898","33007"
"0500000US17163","St. Clair County, Illinois","60338","11417","48438","50979","17098","15592"
"0500000US17167","Sangamon County, Illinois","44674","25220","43929","19043","42931","12005"
"0500000US17179","Tazewell County, Illinois","63652","22387","41049","24381","29688","11074"
"0500000US17183","Vermilion County, Illinois","43750","10613","42408","22147","66898","41417"
"0500000US17197","Will County, Illinois","79319","20586","46074","19856","28376","1310"
"0500000US17201","Winnebago County, Illinois","37259","13909","48485","14985","13655","686"
"0500000US18003","Allen County, Indiana","47494","7471","48750","14649","29125","44940"
"0500000US18005","Bartholomew County, Indiana","67005","8467","73614","37699","73549","25924"
"0500000US18019","Clark County, Indiana","65151","15033","65254","13475","54730","32831"
"0500000US18035","Delaware County, Indiana","53704","28340","56208","62282","29448","10992"
"0500000US18043","Floyd County, Indiana","64063","32921","105332","106481","50912","25875"
"0500000US18057","Hamilton County, Indiana","72069","18166","71661","21775","71838","42583"
"0500000US18059","Hancock County, Indiana","64188","40346","65717","36643","-","**"
"0500000US18081","Johnson County, Indiana","77125","44795","76657","43327","33125","35452"
"0500000US18085","Kosciusko County, Indiana","56719","46021","73839","28981","74066","24172"
"0500000US18089","Lake County, Indiana","50642","10459","55403","20473","28782","11715"
"0500000US18097","Marion County, Indiana","46083","8775","42365","14797","41681","3923"
"0500000US18109","Morgan County, Indiana","53466","68289","20813","12471","19451","21999"
"0500000US18127","Porter County, Indiana","85237","51372","60742","42601","66000","68507"
"0500000US18157","Tippecanoe County, Indiana","44029","22159","38558","13317","43326","30261"
"0500000US18163","Vanderburgh County, Indiana","44875","4819","46779","8785","45814","15190"
"0500000US18177","Wayne County, Indiana","22441","13608","26888","11663","21509","11248"
"0500000US19049","Dallas County, Iowa","-","**","-","**","-","**"
"0500000US19061","Dubuque County, Iowa","45147","25818","45607","25290","45588","32751"
"0500000US19153","Polk County, Iowa","57042","20096","26046","17632","22358","6871"
"0500000US19163","Scott County, Iowa","51485","4617","60707","45444","32837","37988"
"0500000US19169","Story County, Iowa","127829","186638","59886","11615","-","**"
"0500000US19193","Woodbury County, Iowa","37996","21391","39591","42160","52540","41101"
"0500000US20045","Douglas County, Kansas","77688","31331","66908","53406","92037","40552"
"0500000US20091","Johnson County, Kansas","79891","38097","66448","12284","53377","28064"
"0500000US20103","Leavenworth County, Kansas","40830","20612","40039","31314","-","**"
"0500000US20173","Sedgwick County, Kansas","66063","21465","56906","29880","66007","18367"
"0500000US20177","Shawnee County, Kansas","49451","30937","34587","31301","124081","104564"
"0500000US20209","Wyandotte County, Kansas","48270","8119","47682","12043","14927","16799"
"0500000US21015","Boone County, Kentucky","54770","23579","60106","23507","53783","37819"
"0500000US21037","Campbell County, Kentucky","36686","19553","25682","17796","23056","23668"
"0500000US21047","Christian County, Kentucky","57379","59252","78279","51347","55186","37940"
"0500000US21059","Daviess County, Kentucky","58873","9307","47257","35982","45278","52850"
"0500000US21067","Fayette County, Kentucky","49167","17510","37705","17996","27156","15673"
"0500000US21093","Hardin County, Kentucky","53473","15073","72051","43255","73046","14235"
"0500000US21111","Jefferson County, Kentucky","48169","3031","47110","3130","31625","27602"
"0500000US21145","McCracken County, Kentucky","33895","23743","36120","19805","34259","23406"
"0500000US21195","Pike County, Kentucky","62582","29359","63766","29229","48730","27937"
"0500000US21227","Warren County, Kentucky","22248","17846","35631","16466","31907","19857"
"0500000US22015","Bossier Parish, Louisiana","65710","30296","65779","58725","28014","9438"
"0500000US22017","Caddo Parish, Louisiana","42150","11694","31833","12282","18790","14138"
"0500000US22033","East Baton Rouge Parish, Louisiana","34910","13485","31343","3749","28813","16968"
"0500000US22045","Iberia Parish, Louisiana","46324","22052","60800","45994","35298","6901"
"0500000US22051","Jefferson Parish, Louisiana","58177","14880","61834","17177","37153","32944"
"0500000US22055","Lafayette Parish, Louisiana","33459","40160","55313","55424","18336","11752"
"0500000US22057","Lafourche Parish, Louisiana","48337","12573","40377","18594","40025","32237"
"0500000US22063","Livingston Parish, Louisiana","59615","16466","58703","4684","59084","1704"
"0500000US22071","Orleans Parish, Louisiana","28742","4372","26506","3807","21548","4881"
"0500000US22073","Ouachita Parish, Louisiana","26742","7558","22771","6062","21102","3562"
"0500000US22079","Rapides Parish, Louisiana","27326","11048","28695","10331","42159","39603"
"0500000US22097","St. Landry Parish, Louisiana","42533","13213","42829","16338","50395","33924"
"0500000US23003","Aroostook County, Maine","25764","39935","55485","20547","11417","8267"
"0500000US23005","Cumberland County, Maine","54896","29629","53996","22575","53635","574"
"0500000US23011","Kennebec County, Maine","23946","25420","22157","26807","21255","653"
"0500000US23019","Penobscot County, Maine","52195","12753","66310","54534","51731","36072"
"0500000US23031","York County, Maine","62131","27195","49474","25855","65484","43586"
"0500000US24001","Allegany County, Maryland","57483","69285","97813","90764","-","**"
"0500000US24003","Anne Arundel County, Maryland","92928","16989","75644","21213","66794","37938"
"0500000US24005","Baltimore County, Maryland","69120","9130","63259","14167","42278","29177"
"0500000US24013","Carroll County, Maryland","102353","15119","87544","22193","-","**"
"0500000US24015","Cecil County, Maryland","90583","20361","87295","41108","56512","51903"
"0500000US24017","Charles County, Maryland","84473","10122","81214","3283","60502","14538"
"0500000US24025","Harford County, Maryland","67039","40561","39542","37865","57560","12329"
"0500000US24027","Howard County, Maryland","115352","41541","120417","37469","102926","105363"
"0500000US24033","Prince George's County, Maryland","84398","11226","84581","16842","46750","32467"
"0500000US24037","St. Mary's County, Maryland","56909","15683","56558","1498","55945","22852"
"0500000US24510","Baltimore city, Maryland","38762","4938","29972","7453","16113","1710"
"0500000US25001","Barnstable County, Massachusetts","71324","2166","78750","71087","-","**"
"0500000US25005","Bristol County, Massachusetts","73119","19909","62770","22954","36250","28659"
"0500000US25009","Essex County, Massachusetts","68917","16276","49011","31500","46358","16566"
"0500000US25013","Hampden County, Massachusetts","67301","8914","66940","14749","50824","27419"
"0500000US29187","St. Francois County, Missouri","null","null","null","null","null","null"
"0500000US12017","Citrus County, Florida","null","null","null","null","null","null"
"0500000US48139","Ellis County, Texas","null","null","null","null","null","null"
"0500000US22019","Calcasieu Parish, Louisiana","null","null","null","null","null","null"
"0500000US04027","Yuma County, Arizona","null","null","null","null","null","null"
"0500000US54011","Cabell County, West Virginia","null","null","null","null","null","null"
"0500000US41029","Jackson County, Oregon","null","null","null","null","null","null"
"0500000US33011","Hillsborough County, New Hampshire","null","null","null","null","null","null"
"0500000US21029","Bullitt County, Kentucky","null","null","null","null","null","null"
"0500000US13057","Cherokee County, Georgia","null","null","null","null","null","null"
"0500000US01083","Limestone County, Alabama","null","null","null","null","null","null"
"0500000US47149","Rutherford County, Tennessee","null","null","null","null","null","null"
"0500000US42043","Dauphin County, Pennsylvania","null","null","null","null","null","null"
"0500000US26005","Allegan County, Michigan","null","null","null","null","null","null"
"0500000US26121","Muskegon County, Michigan","null","null","null","null","null","null"
"0500000US51121","Montgomery County, Virginia","null","null","null","null","null","null"
"0500000US53025","Grant County, Washington","null","null","null","null","null","null"
"0500000US05031","Craighead County, Arkansas","null","null","null","null","null","null"
"0500000US37019","Brunswick County, North Carolina","null","null","null","null","null","null"
"0500000US30013","Cascade County, Montana","null","null","null","null","null","null"
"0500000US35045","San Juan County, New Mexico","null","null","null","null","null","null"
"0500000US20161","Riley County, Kansas","null","null","null","null","null","null"
"0500000US51800","Suffolk city, Virginia","null","null","null","null","null","null"
"0500000US17019","Champaign County, Illinois","null","null","null","null","null","null"
"0500000US24045","Wicomico County, Maryland","null","null","null","null","null","null"
"0500000US06075","San Francisco County, California","null","null","null","null","null","null"
"0500000US06045","Mendocino County, California","null","null","null","null","null","null"
"0500000US53021","Franklin County, Washington","null","null","null","null","null","null"
"0500000US36009","Cattaraugus County, New York","null","null","null","null","null","null"
"0500000US21151","Madison County, Kentucky","null","null","null","null","null","null"
"0500000US25011","Franklin County, Massachusetts","null","null","null","null","null","null"
"0500000US36065","Oneida County, New York","null","null","null","null","null","null"
"0500000US06025","Imperial County, California","null","null","null","null","null","null"
"0500000US18063","Hendricks County, Indiana","null","null","null","null","null","null"
"0500000US22005","Ascension Parish, Louisiana","null","null","null","null","null","null"
"0500000US53009","Clallam County, Washington","null","null","null","null","null","null"
"0500000US53035","Kitsap County, Washington","null","null","null","null","null","null"
"0500000US48469","Victoria County, Texas","null","null","null","null","null","null"
"0500000US18067","Howard County, Indiana","null","null","null","null","null","null"
"0500000US38035","Grand Forks County, North Dakota","null","null","null","null","null","null"
"0500000US16055","Kootenai County, Idaho","null","null","null","null","null","null"
"0500000US48167","Galveston County, Texas","null","null","null","null","null","null"
"0500000US55105","Rock County, Wisconsin","null","null","null","null","null","null"
"0500000US19113","Linn County, Iowa","null","null","null","null","null","null"
"0500000US39169","Wayne County, Ohio","null","null","null","null","null","null"
"0500000US17119","Madison County, Illinois","null","null","null","null","null","null"
"0500000US36001","Albany County, New York","null","null","null","null","null","null"
"0500000US34019","Hunterdon County, New Jersey","null","null","null","null","null","null"
"0500000US20015","Butler County, Kansas","null","null","null","null","null","null"
"0500000US21117","Kenton County, Kentucky","null","null","null","null","null","null"
"0500000US30063","Missoula County, Montana","null","null","null","null","null","null"
"0500000US48479","Webb County, Texas","null","null","null","null","null","null"
"0500000US26159","Van Buren County, Michigan","null","null","null","null","null","null"
"0500000US53067","Thurston County, Washington","null","null","null","null","null","null"
"0500000US54061","Monongalia County, West Virginia","null","null","null","null","null","null"
"0500000US13077","Coweta County, Georgia","null","null","null","null","null","null"
"0500000US47163","Sullivan County, Tennessee","null","null","null","null","null","null"
"0500000US26111","Midland County, Michigan","null","null","null","null","null","null"
"0500000US34035","Somerset County, New Jersey","null","null","null","null","null","null"
"0500000US35031","McKinley County, New Mexico","null","null","null","null","null","null"
"0500000US29051","Cole County, Missouri","null","null","null","null","null","null"
"0500000US55063","La Crosse County, Wisconsin","null","null","null","null","null","null"
"0500000US37049","Craven County, North Carolina","null","null","null","null","null","null"
"0500000US41003","Benton County, Oregon","null","null","null","null","null","null"
"0500000US16019","Bonneville County, Idaho","null","null","null","null","null","null"
"0500000US54003","Berkeley County, West Virginia","null","null","null","null","null","null"
"0500000US13313","Whitfield County, Georgia","null","null","null","null","null","null"
"0500000US45035","Dorchester County, South Carolina","null","null","null","null","null","null"
"0500000US42089","Monroe County, Pennsylvania","null","null","null","null","null","null"
"0500000US45015","Berkeley County, South Carolina","null","null","null","null","null","null"
"0500000US48091","Comal County, Texas","null","null","null","null","null","null"
"0500000US47141","Putnam County, Tennessee","null","null","null","null","null","null"
"0500000US01121","Talladega County, Alabama","null","null","null","null","null","null"
"0500000US51003","Albemarle County, Virginia","null","null","null","null","null","null"
"0500000US39157","Tuscarawas County, Ohio","null","null","null","null","null","null"
"0500000US34009","Cape May County, New Jersey","null","null","null","null","null","null"
"0500000US15001","Hawaii County, Hawaii","null","null","null","null","null","null"
"0500000US48361","Orange County, Texas","null","null","null","null","null","null"
"0500000US33005","Cheshire County, New Hampshire","null","null","null","null","null","null"
"0500000US17099","LaSalle County, Illinois","null","null","null","null","null","null"
"0500000US28075","Lauderdale County, Mississippi","null","null","null","null","null","null"
"0500000US36015","Chemung County, New York","null","null","null","null","null","null"
"0500000US40125","Pottawatomie County, Oklahoma","null","null","null","null","null","null"
"0500000US35061","Valencia County, New Mexico","null","null","null","null","null","null"
"0500000US02090","Fairbanks North Star Borough, Alaska","null","null","null","null","null","null"
"0500000US34041","Warren County, New Jersey","null","null","null","null","null","null"
"0500000US18053","Grant County, Indiana","null","null","null","null","null","null"
"0500000US47165","Sumner County, Tennessee","null","null","null","null","null","null"
"0500000US24021","Frederick County, Maryland","null","null","null","null","null","null"
"0500000US06061","Placer County, California","null","null","null","null","null","null"
"0500000US08013","Boulder County, Colorado","null","null","null","null","null","null"
"0500000US42097","Northumberland County, Pennsylvania","null","null","null","null","null","null"
"0500000US17093","Kendall County, Illinois","null","null","null","null","null","null"
"0500000US37125","Moore County, North Carolina","null","null","null","null","null","null"
"0500000US53057","Skagit County, Washington","null","null","null","null","null","null"
"0500000US25021","Norfolk County, Massachusetts","null","null","null","null","null","null"
"0500000US36019","Clinton County, New York","null","null","null","null","null","null"
"0500000US24043","Washington County, Maryland","null","null","null","null","null","null"
"0500000US39165","Warren County, Ohio","null","null","null","null","null","null"
"0500000US72139","Trujillo Alto Municipio, Puerto Rico","null","null","null","null","null","null"
"0500000US40101","Muskogee County, Oklahoma","null","null","null","null","null","null"
"0500000US49053","Washington County, Utah","null","null","null","null","null","null"
"0500000US18105","Monroe County, Indiana","null","null","null","null","null","null"
"0500000US35013","Do?a Ana County, New Mexico","null","null","null","null","null","null"
"0500000US45047","Greenwood County, South Carolina","null","null","null","null","null","null"
"0500000US22105","Tangipahoa Parish, Louisiana","null","null","null","null","null","null"
"0500000US37025","Cabarrus County, North Carolina","null","null","null","null","null","null"
"0500000US48041","Brazos County, Texas","null","null","null","null","null","null"
"0500000US18091","LaPorte County, Indiana","null","null","null","null","null","null"
"0500000US45051","Horry County, South Carolina","null","null","null","null","null","null"
"0500000US45013","Beaufort County, South Carolina","null","null","null","null","null","null"
"0500000US53029","Island County, Washington","null","null","null","null","null","null"
"0500000US06055","Napa County, California","null","null","null","null","null","null"
"0500000US15007","Kauai County, Hawaii","null","null","null","null","null","null"
"0500000US42085","Mercer County, Pennsylvania","null","null","null","null","null","null"
"0500000US19103","Johnson County, Iowa","null","null","null","null","null","null"
"0500000US27141","Sherburne County, Minnesota","null","null","null","null","null","null"
"0500000US18167","Vigo County, Indiana","null","null","null","null","null","null"
"0500000US26147","St. Clair County, Michigan","null","null","null","null","null","null"
"0500000US42069","Lackawanna County, Pennsylvania","null","null","null","null","null","null"
"0500000US48039","Brazoria County, Texas","null","null","null","null","null","null"
"0500000US12061","Indian River County, Florida","null","null","null","null","null","null"
"0500000US06101","Sutter County, California","null","null","null","null","null","null"
"0500000US48183","Gregg County, Texas","null","null","null","null","null","null"
"0500000US01095","Marshall County, Alabama","null","null","null","null","null","null"
"0500000US51179","Stafford County, Virginia","null","null","null","null","null","null"
"0500000US42037","Columbia County, Pennsylvania","null","null","null","null","null","null"
"0500000US51085","Hanover County, Virginia","null","null","null","null","null","null"
"0500000US36075","Oswego County, New York","null","null","null","null","null","null"
"0500000US22103","St. Tammany Parish, Louisiana","null","null","null","null","null","null"
"0500000US42019","Butler County, Pennsylvania","null","null","null","null","null","null"
"0500000US37195","Wilson County, North Carolina","null","null","null","null","null","null"
"0500000US54033","Harrison County, West Virginia","null","null","null","null","null","null"
"0500000US51015","Augusta County, Virginia","null","null","null","null","null","null"
"0500000US13285","Troup County, Georgia","null","null","null","null","null","null"
"0500000US39013","Belmont County, Ohio","null","null","null","null","null","null"
"0500000US47001","Anderson County, Tennessee","null","null","null","null","null","null"
"0500000US06017","El Dorado County, California","null","null","null","null","null","null"
"0500000US45063","Lexington County, South Carolina","null","null","null","null","null","null"
"0500000US39057","Greene County, Ohio","null","null","null","null","null","null"
"0500000US25003","Berkshire County, Massachusetts","null","null","null","null","null","null"
"0500000US28035","Forrest County, Mississippi","null","null","null","null","null","null"
"0500000US55059","Kenosha County, Wisconsin","null","null","null","null","null","null"
"0500000US34037","Sussex County, New Jersey","null","null","null","null","null","null"
"0500000US35025","Lea County, New Mexico","null","null","null","null","null","null"
"0500000US38017","Cass County, North Dakota","null","null","null","null","null","null"
"0500000US01081","Lee County, Alabama","null","null","null","null","null","null"
"0500000US37021","Buncombe County, North Carolina","null","null","null","null","null","null"
"0500000US37097","Iredell County, North Carolina","null","null","null","null","null","null"
"0500000US48471","Walker County, Texas","null","null","null","null","null","null"
"0500000US72097","Mayagüez Municipio, Puerto Rico","null","null","null","null","null","null"
"0500000US24031","Montgomery County, Maryland","null","null","null","null","null","null"
"0500000US42063","Indiana County, Pennsylvania","null","null","null","null","null","null"
"0500000US26045","Eaton County, Michigan","null","null","null","null","null","null"
"0500000US08077","Mesa County, Colorado","null","null","null","null","null","null"
"0500000US41035","Klamath County, Oregon","null","null","null","null","null","null"
"0500000US54107","Wood County, West Virginia","null","null","null","null","null","null"
"0500000US56025","Natrona County, Wyoming","null","null","null","null","null","null"
"0500000US26073","Isabella County, Michigan","null","null","null","null","null","null"
"0500000US48203","Harrison County, Texas","null","null","null","null","null","null"
"0500000US24009","Calvert County, Maryland","null","null","null","null","null","null"
"0500000US35049","Santa Fe County, New Mexico","null","null","null","null","null","null"
"0500000US13015","Bartow County, Georgia","null","null","null","null","null","null"
"0500000US06013","Contra Costa County, California","null","null","null","null","null","null"
"0500000US09005","Litchfield County, Connecticut","null","null","null","null","null","null"
"0500000US40027","Cleveland County, Oklahoma","null","null","null","null","null","null"
"0500000US06087","Santa Cruz County, California","null","null","null","null","null","null"
"0500000US36117","Wayne County, New York","null","null","null","null","null","null"
"0500000US17043","DuPage County, Illinois","null","null","null","null","null","null"
"0500000US39081","Jefferson County, Ohio","null","null","null","null","null","null"
"0500000US41071","Yamhill County, Oregon","null","null","null","null","null","null"
"0500000US48347","Nacogdoches County, Texas","null","null","null","null","null","null"
"0500000US22109","Terrebonne Parish, Louisiana","null","null","null","null","null","null"
"0500000US17037","DeKalb County, Illinois","null","null","null","null","null","null"
"0500000US19013","Black Hawk County, Iowa","null","null","null","null","null","null"
"0500000US42081","Lycoming County, Pennsylvania","null","null","null","null","null","null"
"0500000US45057","Lancaster County, South Carolina","null","null","null","null","null","null"
"0500000US27109","Olmsted County, Minnesota","null","null","null","null","null","null"
"0500000US19155","Pottawattamie County, Iowa","null","null","null","null","null","null"
"0500000US55089","Ozaukee County, Wisconsin","null","null","null","null","null","null"
"0500000US13185","Lowndes County, Georgia","null","null","null","null","null","null"
"0500000US42107","Schuylkill County, Pennsylvania","null","null","null","null","null","null"
"0500000US37027","Caldwell County, North Carolina","null","null","null","null","null","null"
"0500000US06113","Yolo County, California","null","null","null","null","null","null"
"0500000US53005","Benton County, Washington","null","null","null","null","null","null"
"0500000US55027","Dodge County, Wisconsin","null","null","null","null","null","null"
"0500000US18095","Madison County, Indiana","null","null","null","null","null","null"
"0500000US51095","James City County, Virginia","null","null","null","null","null","null"
"0500000US51760","Richmond city, Virginia","null","null","null","null","null","null"
"0500000US44003","Kent County, Rhode Island","null","null","null","null","null","null"
"0500000US37159","Rowan County, North Carolina","null","null","null","null","null","null"
"0500000US39085","Lake County, Ohio","null","null","null","null","null","null"
"0500000US29037","Cass County, Missouri","null","null","null","null","null","null"
"0500000US26055","Grand Traverse County, Michigan","null","null","null","null","null","null"
"0500000US29077","Greene County, Missouri","null","null","null","null","null","null"
"0500000US08031","Denver County, Colorado","null","null","null","null","null","null"
"0500000US37191","Wayne County, North Carolina","null","null","null","null","null","null"
"0500000US44005","Newport County, Rhode Island","null","null","null","null","null","null"
"0500000US12117","Seminole County, Florida","null","null","null","null","null","null"
"0500000US34001","Atlantic County, New Jersey","null","null","null","null","null","null"
"0500000US28033","DeSoto County, Mississippi","null","null","null","null","null","null"
"0500000US54081","Raleigh County, West Virginia","null","null","null","null","null","null"
"0500000US12119","Sumter County, Florida","null","null","null","null","null","null"
"0500000US34033","Salem County, New Jersey","null","null","null","null","null","null"
"0500000US23001","Androscoggin County, Maine","null","null","null","null","null","null"
"0500000US39043","Erie County, Ohio","null","null","null","null","null","null"
"0500000US18141","St. Joseph County, Indiana","null","null","null","null","null","null"
"0500000US10001","Kent County, Delaware","null","null","null","null","null","null"
"0500000US13059","Clarke County, Georgia","null","null","null","null","null","null"
"0500000US06041","Marin County, California","null","null","null","null","null","null"
"0500000US45073","Oconee County, South Carolina","null","null","null","null","null","null"
"0500000US34021","Mercer County, New Jersey","null","null","null","null","null","null"
"0500000US48409","San Patricio County, Texas","null","null","null","null","null","null"
"0500000US55071","Manitowoc County, Wisconsin","null","null","null","null","null","null"
"0500000US37067","Forsyth County, North Carolina","null","null","null","null","null","null"
"0500000US37135","Orange County, North Carolina","null","null","null","null","null","null"
"0500000US17199","Williamson County, Illinois","null","null","null","null","null","null"
"0500000US04025","Yavapai County, Arizona","null","null","null","null","null","null"
"0500000US47113","Madison County, Tennessee","null","null","null","null","null","null"
"0500000US40131","Rogers County, Oklahoma","null","null","null","null","null","null"
"0500000US42075","Lebanon County, Pennsylvania","null","null","null","null","null","null"
"0500000US48367","Parker County, Texas","null","null","null","null","null","null"
"0500000US36045","Jefferson County, New York","null","null","null","null","null","null"
"0500000US39155","Trumbull County, Ohio","null","null","null","null","null","null"
"0500000US18039","Elkhart County, Indiana","null","null","null","null","null","null"
"0500000US72013","Arecibo Municipio, Puerto Rico","null","null","null","null","null","null"
"0500000US36085","Richmond County, New York","null","null","null","null","null","null"
"0500000US13045","Carroll County, Georgia","null","null","null","null","null","null"
"0500000US06057","Nevada County, California","null","null","null","null","null","null"
"0500000US12081","Manatee County, Florida","null","null","null","null","null","null"
"0500000US26091","Lenawee County, Michigan","null","null","null","null","null","null"
"0500000US01051","Elmore County, Alabama","null","null","null","null","null","null"
