"GEO_ID","NAME","B10010_001E","B10010_001M","B10010_002E","B10010_002M","B10010_003E","B10010_003M"
"id","Geographic Area Name","Estimate!!Median family income in the past 12 months!!Total","Margin of Error!!Median family income in the past 12 months!!Total","Estimate!!Median family income in the past 12 months!!Grandparent householder and/or spouse responsible for grandchildren under 18 years (dollars)","Margin of Error!!Median family income in the past 12 months!!Grandparent householder and/or spouse responsible for grandchildren under 18 years (dollars)","Estimate!!Median family income in the past 12 months!!Grandparent householder and/or spouse responsible for grandchildren under 18 years and no parent present (dollars)","Margin of Error!!Median family income in the past 12 months!!Grandparent householder and/or spouse responsible for grandchildren under 18 years and no parent present (dollars)"
"0500000US48451","Tom Green County, Texas","45000","20333","52786","27182","36484","46545"
"0500000US48453","Travis County, Texas","62645","8366","61959","10818","42115","35320"
"0500000US48469","Victoria County, Texas","50951","20099","50511","28478","25094","12138"
"0500000US48471","Walker County, Texas","85709","9503","83556","24765","-","**"
"0500000US48479","Webb County, Texas","42775","5067","40394","11935","33373","13295"
"0500000US48485","Wichita County, Texas","35200","15020","32069","13656","30014","4528"
"0500000US48491","Williamson County, Texas","84231","30445","66771","15089","126581","84001"
"0500000US49005","Cache County, Utah","107913","22977","137857","123839","-","**"
"0500000US49011","Davis County, Utah","88449","9434","80288","21124","75821","71699"
"0500000US49035","Salt Lake County, Utah","80732","17787","48028","21725","32537","20018"
"0500000US49049","Utah County, Utah","83838","14511","83568","22744","74104","27938"
"0500000US49053","Washington County, Utah","77514","42331","107291","48801","-","**"
"0500000US49057","Weber County, Utah","68418","12485","67859","18865","34440","37143"
"0500000US51013","Arlington County, Virginia","63270","26532","32127","23653","-","**"
"0500000US51019","Bedford County, Virginia","105970","20751","105749","89340","-","**"
"0500000US51041","Chesterfield County, Virginia","75574","23351","41317","18205","40940","12208"
"0500000US51059","Fairfax County, Virginia","98804","26239","118380","44043","148759","35334"
"0500000US51061","Fauquier County, Virginia","84564","83404","124571","65647","57200","45561"
"0500000US51069","Frederick County, Virginia","69316","47322","94605","34599","-","**"
"0500000US51085","Hanover County, Virginia","51075","8262","83348","49260","-","**"
"0500000US51095","James City County, Virginia","77446","175711","-","**","-","**"
"0500000US51153","Prince William County, Virginia","97104","23539","138375","50369","86739","77799"
"0500000US51161","Roanoke County, Virginia","79116","55975","71339","21055","71503","21187"
"0500000US51165","Rockingham County, Virginia","41719","29783","32429","13966","40723","11786"
"0500000US51179","Stafford County, Virginia","127908","29339","141593","13661","126120","99137"
"0500000US51199","York County, Virginia","113724","69730","79750","72756","-","**"
"0500000US51510","Alexandria city, Virginia","75225","25445","75580","27277","-","**"
"0500000US51550","Chesapeake city, Virginia","78750","22856","85234","20675","74907","14733"
"0500000US51650","Hampton city, Virginia","56026","28449","56636","35625","68136","17172"
"0500000US51680","Lynchburg city, Virginia","24545","82687","23114","12819","-","**"
"0500000US51710","Norfolk city, Virginia","49552","15485","41799","9761","35361","23770"
"0500000US51740","Portsmouth city, Virginia","37929","6474","43157","11289","33978","3189"
"0500000US51760","Richmond city, Virginia","45068","24202","45760","20803","27365","27530"
"0500000US51770","Roanoke city, Virginia","29807","37926","27826","18106","27414","3715"
"0500000US51800","Suffolk city, Virginia","59886","15257","73641","58755","95270","52799"
"0500000US51810","Virginia Beach city, Virginia","74819","6280","63950","22939","55640","18711"
"0500000US53005","Benton County, Washington","73345","32878","74038","19370","73102","50716"
"0500000US53007","Chelan County, Washington","93274","29282","-","**","-","**"
"0500000US53011","Clark County, Washington","70394","16962","60262","20176","30872","11937"
"0500000US53015","Cowlitz County, Washington","56401","32068","56897","29727","56250","35921"
"0500000US53021","Franklin County, Washington","58990","30363","42173","31851","54137","43361"
"0500000US53025","Grant County, Washington","72308","28057","83699","863","71750","120127"
"0500000US53027","Grays Harbor County, Washington","61627","25111","75702","36969","75205","25131"
"0500000US53029","Island County, Washington","50516","20502","-","**","-","**"
"0500000US53033","King County, Washington","83063","11704","62289","32674","27372","35062"
"0500000US53035","Kitsap County, Washington","86987","33752","101006","82813","-","**"
"0500000US53041","Lewis County, Washington","73843","9976","71897","4279","72873","25487"
"0500000US53053","Pierce County, Washington","73221","9961","74629","15426","39111","15883"
"0500000US53057","Skagit County, Washington","65428","22559","66137","22387","66149","9715"
"0500000US53061","Snohomish County, Washington","83506","5865","75473","30815","52438","15632"
"0500000US53063","Spokane County, Washington","58690","21278","58743","26850","46702","51506"
"0500000US53067","Thurston County, Washington","64343","17325","70625","24591","57785","18281"
"0500000US53073","Whatcom County, Washington","49454","9182","62783","36118","82596","68092"
"0500000US53077","Yakima County, Washington","48243","15553","42397","13289","41269","11985"
"0500000US54003","Berkeley County, West Virginia","57091","11292","47152","29450","46350","57288"
"0500000US54011","Cabell County, West Virginia","46148","19420","56909","46350","79754","77640"
"0500000US54033","Harrison County, West Virginia","39366","32195","38490","39540","38351","31007"
"0500000US54039","Kanawha County, West Virginia","57658","20201","58028","14065","44185","29925"
"0500000US54061","Monongalia County, West Virginia","50069","17776","46947","22550","55938","32826"
"0500000US54081","Raleigh County, West Virginia","57870","24384","58055","21054","58624","12985"
"0500000US55009","Brown County, Wisconsin","50733","32964","47458","8876","45717","37073"
"0500000US55055","Jefferson County, Wisconsin","113676","63425","87889","81259","-","**"
"0500000US55063","La Crosse County, Wisconsin","59742","30641","27066","11238","34400","1551"
"0500000US55071","Manitowoc County, Wisconsin","122833","20594","123804","15276","-","**"
"0500000US55073","Marathon County, Wisconsin","67702","9010","69192","13558","68396","21472"
"0500000US55079","Milwaukee County, Wisconsin","42792","6523","42813","8540","28077","14595"
"0500000US55087","Outagamie County, Wisconsin","55174","10498","58750","32021","78919","28844"
"0500000US55097","Portage County, Wisconsin","67857","12571","71378","3240","-","**"
"0500000US55101","Racine County, Wisconsin","62191","21724","61412","43567","42447","39850"
"0500000US55105","Rock County, Wisconsin","69240","21471","48201","23681","35000","15895"
"0500000US55109","St. Croix County, Wisconsin","57473","35453","55353","27744","50273","66621"
"0500000US55127","Walworth County, Wisconsin","60424","39280","39815","44713","38007","30990"
"0500000US55131","Washington County, Wisconsin","104231","84770","203514","111127","-","**"
"0500000US55133","Waukesha County, Wisconsin","105221","36527","82683","36422","82264","64694"
"0500000US55141","Wood County, Wisconsin","52845","15588","52759","14840","-","**"
"0500000US56025","Natrona County, Wyoming","95441","33101","51816","34788","-","**"
"0500000US72013","Arecibo Municipio, Puerto Rico","20210","11655","16006","4998","15860","6680"
"0500000US72021","Bayamón Municipio, Puerto Rico","29899","11837","42125","21650","21395","27691"
"0500000US72031","Carolina Municipio, Puerto Rico","44195","11239","37847","3106","36094","11340"
"0500000US72061","Guaynabo Municipio, Puerto Rico","39309","20721","29852","15633","29167","14565"
"0500000US72097","Mayagüez Municipio, Puerto Rico","29283","12829","17127","11453","-","**"
"0500000US72113","Ponce Municipio, Puerto Rico","27307","4981","27185","4248","25690","22014"
"0500000US72127","San Juan Municipio, Puerto Rico","24673","12100","19084","4851","19604","8666"
"0500000US72135","Toa Alta Municipio, Puerto Rico","29583","24092","24327","11761","27639","22847"
"0500000US01003","Baldwin County, Alabama","51136","1984","51817","2422","53401","34098"
"0500000US01015","Calhoun County, Alabama","40526","11882","36933","15418","25329","10974"
"0500000US01055","Etowah County, Alabama","23865","14898","24897","22725","24232","3545"
"0500000US01069","Houston County, Alabama","40865","7043","35296","8174","23750","12308"
"0500000US01073","Jefferson County, Alabama","41384","3298","36404","9139","20177","14672"
"0500000US01081","Lee County, Alabama","22126","13414","20984","11454","22208","8842"
"0500000US01089","Madison County, Alabama","39262","12965","36663","11048","25833","34803"
"0500000US01097","Mobile County, Alabama","58046","23168","39640","22139","30338","15253"
"0500000US01101","Montgomery County, Alabama","33116","13043","37083","14243","35833","38531"
"0500000US01115","St. Clair County, Alabama","71900","27144","71510","52464","-","**"
"0500000US01121","Talladega County, Alabama","35392","17457","33656","20179","20054","16341"
"0500000US01127","Walker County, Alabama","38567","25885","38778","31200","38750","31142"
"0500000US02020","Anchorage Municipality, Alaska","75778","21084","47028","43446","36977","13666"
"0500000US02170","Matanuska-Susitna Borough, Alaska","125065","32667","121923","42748","75733","98482"
"0500000US04003","Cochise County, Arizona","28264","12995","25066","10333","25241","21084"
"0500000US04005","Coconino County, Arizona","68777","28378","68112","29551","50354","35932"
"0500000US04013","Maricopa County, Arizona","59318","5795","54224","6055","46049","7119"
"0500000US04015","Mohave County, Arizona","35322","14759","25757","15647","26339","34375"
"0500000US04017","Navajo County, Arizona","51368","14463","41567","11877","41014","24332"
"0500000US04019","Pima County, Arizona","51771","5420","48857","6716","47716","18610"
"0500000US04021","Pinal County, Arizona","61236","9819","54228","5006","29462","22294"
"0500000US04025","Yavapai County, Arizona","38682","12913","42661","30530","24615","20135"
"0500000US05007","Benton County, Arkansas","73616","23884","73946","43213","20489","28105"
"0500000US05045","Faulkner County, Arkansas","40165","12864","36275","21505","36324","16590"
"0500000US05051","Garland County, Arkansas","41667","37032","59907","3703","41814","63570"
"0500000US05069","Jefferson County, Arkansas","40406","11970","29271","18038","26307","29527"
"0500000US05085","Lonoke County, Arkansas","58031","15772","59183","5279","57892","34258"
"0500000US05119","Pulaski County, Arkansas","48524","13747","49042","19355","47604","29289"
"0500000US05125","Saline County, Arkansas","54255","28615","44851","55824","40127","27873"
"0500000US05131","Sebastian County, Arkansas","51029","30486","81035","39310","122586","121154"
"0500000US05143","Washington County, Arkansas","44312","4077","43612","1591","44188","16731"
"0500000US05145","White County, Arkansas","39627","18089","48054","20556","39107","34313"
"0500000US06001","Alameda County, California","80366","11772","62265","26811","32159","19680"
"0500000US06007","Butte County, California","42308","19534","46516","27593","31827","29868"
"0500000US06013","Contra Costa County, California","88095","13277","84569","32537","52451","34536"
"0500000US06019","Fresno County, California","48504","6567","39347","12798","27500","16752"
"0500000US06025","Imperial County, California","57107","22373","78531","47574","250,000+","***"
"0500000US06029","Kern County, California","49674","8025","36021","13625","27732","30499"
"0500000US06037","Los Angeles County, California","61336","1998","57759","4280","37281","6718"
"0500000US06039","Madera County, California","56319","16826","51225","33454","-","**"
"0500000US06041","Marin County, California","65665","33991","66147","62921","-","**"
"0500000US06047","Merced County, California","40714","4572","38004","8192","31344","8827"
"0500000US06053","Monterey County, California","75146","12425","77248","26993","37161","18045"
"0500000US06055","Napa County, California","68671","18825","56800","15933","69482","16621"
"0500000US06057","Nevada County, California","63359","53151","-","**","-","**"
"0500000US06059","Orange County, California","77988","6099","58523","9765","43179","30075"
"0500000US06065","Riverside County, California","66394","7961","64303","11428","37311","23558"
"0500000US06067","Sacramento County, California","61636","11794","70662","13995","36668","29745"
"0500000US06071","San Bernardino County, California","64515","5292","62124","9101","41902","34846"
"0500000US06073","San Diego County, California","66905","6245","65187","10551","41017","19569"
"0500000US06075","San Francisco County, California","85956","17625","95097","41494","19505","25837"
"0500000US06077","San Joaquin County, California","65646","11154","60625","26757","38524","25070"
"0500000US06079","San Luis Obispo County, California","65472","21502","52480","19411","-","**"
"0500000US06081","San Mateo County, California","96905","15518","69116","20859","16938","4218"
"0500000US06083","Santa Barbara County, California","74434","26270","100593","44736","50027","43265"
"0500000US06085","Santa Clara County, California","85995","8799","58050","21957","40417","33063"
"0500000US06089","Shasta County, California","40882","36127","34258","17803","34025","10325"
"0500000US06095","Solano County, California","70332","14610","64556","12799","67027","27143"
"0500000US06097","Sonoma County, California","85037","23585","77824","35026","43551","59786"
"0500000US06099","Stanislaus County, California","59630","10965","47258","20428","40017","37067"
"0500000US06101","Sutter County, California","78132","38160","105950","63875","-","**"
"0500000US06107","Tulare County, California","46452","7854","42978","16022","45977","22820"
"0500000US06111","Ventura County, California","72473","5158","51638","14862","50068","14436"
"0500000US06113","Yolo County, California","89298","38922","88443","80277","-","**"
"0500000US06115","Yuba County, California","38174","18861","27116","18510","26470","7402"
"0500000US08001","Adams County, Colorado","73800","8707","56902","15671","73344","28906"
"0500000US08005","Arapahoe County, Colorado","98880","18679","82635","32551","51860","64011"
"0500000US08013","Boulder County, Colorado","74257","9197","51799","50858","28390","16856"
"0500000US08031","Denver County, Colorado","76758","20806","65583","18116","48666","29841"
"0500000US08041","El Paso County, Colorado","64669","9543","51507","15876","47985","26857"
"0500000US08069","Larimer County, Colorado","94264","27309","93171","17309","69913","91065"
"0500000US08077","Mesa County, Colorado","81840","23942","90179","19344","90833","70556"
"0500000US08101","Pueblo County, Colorado","39134","15112","39253","17366","49946","46597"
"0500000US08123","Weld County, Colorado","80956","27399","49048","61654","22979","8894"
"0500000US09001","Fairfield County, Connecticut","78396","15783","70687","20464","17240","28401"
"0500000US09003","Hartford County, Connecticut","63529","11233","46424","13077","35134","14250"
"0500000US09007","Middlesex County, Connecticut","58605","26975","54359","10715","56618","17987"
"0500000US09009","New Haven County, Connecticut","55778","11978","48582","8781","49513","30678"
"0500000US09011","New London County, Connecticut","94577","21307","102990","13665","98109","104010"
"0500000US09013","Tolland County, Connecticut","115774","69098","90313","46580","-","**"
"0500000US09015","Windham County, Connecticut","69745","41599","39120","26270","-","**"
"0500000US10003","New Castle County, Delaware","71080","10443","67697","20953","71086","15301"
"0500000US10005","Sussex County, Delaware","74664","24424","46652","16027","38487","16054"
"0500000US11001","District of Columbia, District of Columbia","54407","9033","40848","7773","34936","24112"
"0500000US12005","Bay County, Florida","45673","16600","53009","15791","37307","34044"
"0500000US12009","Brevard County, Florida","52441","10990","44871","20499","44281","64491"
"0500000US12011","Broward County, Florida","60473","5521","55919","6267","49245","13987"
"0500000US12015","Charlotte County, Florida","41333","22919","43225","21410","40354","34867"
"0500000US12017","Citrus County, Florida","51232","23275","51703","27212","38535","32288"
"0500000US12019","Clay County, Florida","67079","9809","66062","7946","66160","41837"
"0500000US12023","Columbia County, Florida","40847","10765","52900","29577","57869","23999"
"0500000US12031","Duval County, Florida","50392","10873","36364","8689","26685","14586"
"0500000US12033","Escambia County, Florida","63450","9117","55612","10516","39212","34023"
"0500000US12053","Hernando County, Florida","39337","7667","21994","8040","21735","2627"
"0500000US12057","Hillsborough County, Florida","51441","8747","49752","7086","41133","23124"
"0500000US12071","Lee County, Florida","47977","9985","47330","8679","34885","30671"
"0500000US12073","Leon County, Florida","53381","12964","53012","32479","34250","41215"
"0500000US12081","Manatee County, Florida","67448","26809","67156","29129","40725","36999"
"0500000US12083","Marion County, Florida","65539","20640","57458","28465","132786","149354"
"0500000US12085","Martin County, Florida","78077","41977","77756","41069","-","**"
"0500000US12086","Miami-Dade County, Florida","54396","5082","50304","12114","30550","6590"
"0500000US12091","Okaloosa County, Florida","61441","28483","59063","25067","32128","16578"
"0500000US12095","Orange County, Florida","46540","3679","46012","7035","27757","18973"
"0500000US12099","Palm Beach County, Florida","54275","12436","52185","18991","51772","47035"
"0500000US12101","Pasco County, Florida","41047","10925","35746","9869","33255","7587"
"0500000US12103","Pinellas County, Florida","56638","12797","41631","22296","29606","23750"
"0500000US12105","Polk County, Florida","52344","13114","48740","4759","42214","16397"
"0500000US12109","St. Johns County, Florida","93449","15163","93776","54365","103141","126753"
"0500000US12111","St. Lucie County, Florida","56973","7781","47412","18828","71670","41579"
"0500000US12113","Santa Rosa County, Florida","59855","16407","65710","20883","47180","34205"
"0500000US12115","Sarasota County, Florida","53991","6419","53516","2416","-","**"
"0500000US12117","Seminole County, Florida","55870","23541","50083","58889","32733","25746"
"0500000US12119","Sumter County, Florida","59750","14939","63192","21338","-","**"
"0500000US12127","Volusia County, Florida","43450","2436","33364","14765","43354","23014"
"0500000US13013","Barrow County, Georgia","54492","24635","54953","35595","40880","54077"
"0500000US13021","Bibb County, Georgia","35554","24457","14268","12778","21182","626"
"0500000US13047","Catoosa County, Georgia","56447","41958","-","**","-","**"
"0500000US13057","Cherokee County, Georgia","87700","24440","81339","26119","-","**"
"0500000US13059","Clarke County, Georgia","47941","48739","15731","5640","-","**"
"0500000US13067","Cobb County, Georgia","70978","13886","53457","7880","60908","32425"
"0500000US13073","Columbia County, Georgia","90779","18986","90846","18923","78346","54081"
"0500000US13089","DeKalb County, Georgia","49624","6474","48964","7418","40685","17982"
"0500000US13113","Fayette County, Georgia","77876","55781","79588","34017","-","**"
"0500000US13121","Fulton County, Georgia","42179","7594","47248","12515","46639","40325"
"0500000US13127","Glynn County, Georgia","107957","79165","79385","78019","50756","24411"
"0500000US13135","Gwinnett County, Georgia","63358","10126","73585","6448","72293","17653"
"0500000US13139","Hall County, Georgia","59402","16826","44438","18744","39011","19223"
"0500000US13153","Houston County, Georgia","55364","12937","50322","34455","53032","48772"
"0500000US13179","Liberty County, Georgia","56957","37304","55217","41581","70455","48539"
"0500000US13215","Muscogee County, Georgia","41926","15367","40000","25480","22988","12095"
"0500000US13217","Newton County, Georgia","68034","35117","44179","36050","-","**"
"0500000US13223","Paulding County, Georgia","65119","32264","60082","27837","47593","47072"
"0500000US13245","Richmond County, Georgia","43164","9590","37615","19043","28197","16890"
"0500000US13247","Rockdale County, Georgia","49344","13865","47069","7850","56935","3958"
"0500000US13285","Troup County, Georgia","44730","27660","42461","4888","40587","6061"
"0500000US13295","Walker County, Georgia","46559","11200","45957","31768","48315","30020"
"0500000US13297","Walton County, Georgia","86885","58851","62746","55333","62879","40580"
"0500000US13313","Whitfield County, Georgia","62406","16892","61586","33206","50374","8830"
"0500000US15001","Hawaii County, Hawaii","68125","40627","74539","47885","58273","51884"
"0500000US15003","Honolulu County, Hawaii","110077","8578","93883","13719","48043","14356"
"0500000US15007","Kauai County, Hawaii","85234","33721","70630","19366","70410","65725"
"0500000US15009","Maui County, Hawaii","73560","14111","73431","13345","72263","5490"
"0500000US16001","Ada County, Idaho","82294","42261","97515","88800","55095","56615"
"0500000US16005","Bannock County, Idaho","42920","28495","35000","33326","-","**"
"0500000US16027","Canyon County, Idaho","47788","7560","47083","19602","24629","24937"
"0500000US16055","Kootenai County, Idaho","46538","50672","37656","33188","30265","26856"
"0500000US17019","Champaign County, Illinois","59362","22083","55344","42455","55969","67063"
"0500000US17031","Cook County, Illinois","60260","3468","45629","6986","26945","3453"
"0500000US17037","DeKalb County, Illinois","58486","12363","57885","11809","-","**"
"0500000US17043","DuPage County, Illinois","79141","10247","67436","14291","56401","9584"
"0500000US17089","Kane County, Illinois","79023","5897","65683","18792","94423","117552"
"0500000US17091","Kankakee County, Illinois","109328","38312","126580","43126","-","**"
"0500000US17093","Kendall County, Illinois","83441","26017","108161","35566","-","**"
"0500000US17097","Lake County, Illinois","76406","22515","81944","31478","83716","52814"
"0500000US17111","McHenry County, Illinois","94180","16533","51717","15491","76528","84855"
"0500000US17119","Madison County, Illinois","48480","14506","48139","18095","19219","29264"
"0500000US17143","Peoria County, Illinois","36498","12624","30373","16647","20982","27581"
"0500000US17161","Rock Island County, Illinois","58218","20694","45009","38038","18254","15642"
"0500000US17163","St. Clair County, Illinois","34212","13753","27081","6932","95238","129376"
"0500000US17167","Sangamon County, Illinois","53535","21906","54106","21335","32468","46721"
"0500000US17179","Tazewell County, Illinois","69774","35246","40909","28186","-","**"
"0500000US17197","Will County, Illinois","92929","5537","103160","18317","78214","26566"
"0500000US17199","Williamson County, Illinois","26056","16134","26861","15729","21168","14230"
"0500000US18019","Clark County, Indiana","62747","27218","52059","30003","40959","11580"
"0500000US18035","Delaware County, Indiana","49417","37372","59306","45102","21438","22155"
"0500000US18039","Elkhart County, Indiana","49848","17224","48060","25359","49353","31653"
"0500000US18043","Floyd County, Indiana","63836","58627","45871","46918","35574","30868"
"0500000US18053","Grant County, Indiana","63533","24077","75733","34399","93429","76376"
"0500000US18059","Hancock County, Indiana","55755","114039","-","**","-","**"
"0500000US18063","Hendricks County, Indiana","82857","28377","59724","29097","57656","60504"
"0500000US18081","Johnson County, Indiana","45592","31446","44336","44119","73140","26950"
"0500000US18089","Lake County, Indiana","61424","16061","65708","15773","65218","41495"
"0500000US18091","LaPorte County, Indiana","52636","34916","40689","36974","41301","15136"
"0500000US18095","Madison County, Indiana","54883","22134","59089","27231","44365","24933"
"0500000US18097","Marion County, Indiana","45247","7082","36405","13237","41311","11300"
"0500000US18105","Monroe County, Indiana","51875","56950","91210","55256","138977","146215"
"0500000US18109","Morgan County, Indiana","57227","56797","29709","4264","-","**"
"0500000US18157","Tippecanoe County, Indiana","45688","9559","49171","31338","54767","58425"
"0500000US18163","Vanderburgh County, Indiana","46360","12038","38525","13302","43517","20335"
"0500000US19013","Black Hawk County, Iowa","65469","52181","67471","59802","36574","27316"
"0500000US19049","Dallas County, Iowa","89518","76602","89529","86743","-","**"
"0500000US19061","Dubuque County, Iowa","114504","99876","-","**","-","**"
"0500000US19103","Johnson County, Iowa","136420","11166","-","**","-","**"
"0500000US19113","Linn County, Iowa","66503","9953","66297","34304","66884","73288"
"0500000US19153","Polk County, Iowa","90550","20388","90455","20606","90012","63231"
"0500000US19163","Scott County, Iowa","66911","29942","40817","23076","40481","27487"
"0500000US20015","Butler County, Kansas","53383","33059","52800","31635","36992","28186"
"0500000US20103","Leavenworth County, Kansas","55240","22716","42727","23104","-","**"
"0500000US20161","Riley County, Kansas","148974","45758","-","**","-","**"
"0500000US20173","Sedgwick County, Kansas","67159","9038","52147","20931","39223","45187"
"0500000US20209","Wyandotte County, Kansas","46664","8241","44724","14374","36363","2626"
"0500000US21015","Boone County, Kentucky","81426","19391","86580","48554","87270","61908"
"0500000US21029","Bullitt County, Kentucky","54123","14213","47899","31228","26100","8788"
"0500000US21047","Christian County, Kentucky","43699","16236","43012","10459","43293","6209"
"0500000US21067","Fayette County, Kentucky","34838","13971","33968","11198","33421","13249"
"0500000US21111","Jefferson County, Kentucky","44979","7232","43857","7361","41386","7569"
"0500000US21117","Kenton County, Kentucky","47241","18329","45217","14625","47004","19362"
"0500000US21195","Pike County, Kentucky","20365","8229","16245","1023","16023","1125"
"0500000US21227","Warren County, Kentucky","53078","5939","53082","5425","-","**"
"0500000US22015","Bossier Parish, Louisiana","52349","30039","76822","51468","75000","87175"
"0500000US22017","Caddo Parish, Louisiana","43137","11433","44049","17046","56104","28578"
"0500000US22033","East Baton Rouge Parish, Louisiana","70226","32378","71274","34283","48526","11887"
"0500000US22045","Iberia Parish, Louisiana","51522","23526","70726","55661","43108","50503"
"0500000US22051","Jefferson Parish, Louisiana","55449","18585","51000","24552","23103","13523"
"0500000US22057","Lafourche Parish, Louisiana","46352","102317","30693","5291","-","**"
"0500000US22063","Livingston Parish, Louisiana","46522","26417","42840","33118","32388","17545"
"0500000US22071","Orleans Parish, Louisiana","43071","14752","23846","15196","15898","6456"
"0500000US22079","Rapides Parish, Louisiana","61573","34494","50750","36898","36447","44397"
"0500000US22097","St. Landry Parish, Louisiana","18729","10499","18646","8552","19188","8956"
"0500000US22109","Terrebonne Parish, Louisiana","48774","16260","49995","30776","-","**"
"0500000US23003","Aroostook County, Maine","30847","5063","28435","3242","24028","25219"
"0500000US23005","Cumberland County, Maine","56413","35600","32426","25731","30874","10068"
"0500000US23011","Kennebec County, Maine","63774","31076","95078","84160","96524","67021"
"0500000US23019","Penobscot County, Maine","48031","41676","30695","21079","30291","32100"
"0500000US24001","Allegany County, Maryland","34525","17605","36991","28217","33396","32861"
"0500000US24003","Anne Arundel County, Maryland","84771","19186","69466","26072","54677","16867"
"0500000US24005","Baltimore County, Maryland","73855","14523","68696","11466","68913","48612"
"0500000US24009","Calvert County, Maryland","144567","37556","143209","89214","-","**"
"0500000US24015","Cecil County, Maryland","61179","54058","105827","70479","76895","86334"
"0500000US24021","Frederick County, Maryland","80365","26612","66031","18613","87769","104041"
"0500000US24025","Harford County, Maryland","93118","26817","93140","34163","46477","69466"
"0500000US24031","Montgomery County, Maryland","81632","19050","72434","18020","38528","55854"
"0500000US24033","Prince George's County, Maryland","88713","6850","76772","14689","85795","26133"
"0500000US24037","St. Mary's County, Maryland","128865","39160","116191","66499","-","**"
"0500000US24510","Baltimore city, Maryland","50999","10822","38974","13622","28473","7396"
"0500000US25001","Barnstable County, Massachusetts","83329","8634","83631","65814","86240","68543"
"0500000US25003","Berkshire County, Massachusetts","46548","61386","13138","2212","-","**"
"0500000US25005","Bristol County, Massachusetts","69951","8588","66828","10130","46292","17625"
"0500000US25009","Essex County, Massachusetts","86335","18124","90972","27063","58889","75558"
"0500000US25013","Hampden County, Massachusetts","49375","7470","46061","18073","36065","27183"
"0500000US25017","Middlesex County, Massachusetts","86392","10575","56332","17811","34091","56359"
"0500000US25023","Plymouth County, Massachusetts","77038","17129","73797","42473","73386","33544"
"0500000US25025","Suffolk County, Massachusetts","54886","9979","48066","22530","49541","19941"
"0500000US25027","Worcester County, Massachusetts","89970","16147","69611","29059","43063","44265"
"0500000US26025","Calhoun County, Michigan","53311","12931","60088","17225","26346","21922"
"0500000US26037","Clinton County, Michigan","43015","15057","37113","34349","73889","18137"
"0500000US26049","Genesee County, Michigan","41861","14179","39081","12860","34815","12190"
"0500000US26055","Grand Traverse County, Michigan","69227","13591","98698","31482","-","**"
"0500000US26065","Ingham County, Michigan","54973","10410","46750","58317","96191","62603"
"0500000US26073","Isabella County, Michigan","21684","8512","17429","8828","13696","10812"
"0500000US26075","Jackson County, Michigan","71515","13484","73984","31831","65757","57803"
"0500000US26077","Kalamazoo County, Michigan","63665","13771","70310","22214","53433","47305"
"0500000US26081","Kent County, Michigan","55043","20540","40711","21302","18229","26374"
"0500000US26087","Lapeer County, Michigan","66778","38579","67016","49930","66557","60172"
"0500000US26091","Lenawee County, Michigan","49933","43334","73564","23571","48989","24460"
"0500000US26093","Livingston County, Michigan","69454","23926","69085","36201","54459","48766"
"0500000US26099","Macomb County, Michigan","51671","9240","32789","5235","32524","30420"
"0500000US26115","Monroe County, Michigan","90267","6300","85889","8624","20696","6378"
"0500000US26121","Muskegon County, Michigan","46867","20090","37692","7607","39573","30278"
"0500000US26125","Oakland County, Michigan","73446","9978","62971","13812","37938","44860"
"0500000US26139","Ottawa County, Michigan","64309","21340","92625","37297","-","**"
"0500000US26145","Saginaw County, Michigan","44482","6457","37548","16331","42808","24834"
"0500000US26147","St. Clair County, Michigan","53444","28205","48676","21602","45595","62305"
"0500000US26155","Shiawassee County, Michigan","55433","48487","32604","18366","-","**"
"0500000US26161","Washtenaw County, Michigan","61445","16735","53117","28020","53125","31160"
"0500000US26163","Wayne County, Michigan","41531","2563","36668","5304","22212","3759"
"0500000US27003","Anoka County, Minnesota","82448","26662","90543","34917","-","**"
"0500000US27019","Carver County, Minnesota","49394","39548","49291","45882","48535","2656"
"0500000US27037","Dakota County, Minnesota","69905","30470","123689","46544","34797","27892"
"0500000US27053","Hennepin County, Minnesota","57912","10210","51438","22268","20903","21957"
"0500000US27109","Olmsted County, Minnesota","66851","36651","77368","44840","66851","13156"
"0500000US27123","Ramsey County, Minnesota","55707","10029","41440","19580","23432","19086"
"0500000US27131","Rice County, Minnesota","97125","37608","-","**","-","**"
"0500000US27137","St. Louis County, Minnesota","100732","44525","48313","17415","59167","49183"
"0500000US27141","Sherburne County, Minnesota","32037","93084","30926","1782","26997","35770"
"0500000US27145","Stearns County, Minnesota","48728","9558","47716","9465","135283","204588"
"0500000US27171","Wright County, Minnesota","62778","10147","98580","54990","-","**"
"0500000US28033","DeSoto County, Mississippi","71838","14369","67100","26098","41074","14419"
"0500000US28047","Harrison County, Mississippi","57778","8270","52951","4843","53026","67341"
"0500000US28049","Hinds County, Mississippi","49049","15834","46672","10351","42961","38958"
"0500000US28059","Jackson County, Mississippi","48511","14121","52532","14780","48971","24847"
"0500000US28067","Jones County, Mississippi","12473","33402","11734","12202","23196","6737"
"0500000US28081","Lee County, Mississippi","30176","4624","29419","6975","27325","23144"
"0500000US28121","Rankin County, Mississippi","58729","19243","58634","14692","31558","1855"
"0500000US29021","Buchanan County, Missouri","71853","14208","64737","20359","61058","17572"
"0500000US29037","Cass County, Missouri","66701","29034","76419","25885","21699","34311"
"0500000US29043","Christian County, Missouri","74519","46825","73027","45419","91513","97737"
"0500000US29051","Cole County, Missouri","81603","12802","61417","38248","-","**"
"0500000US29071","Franklin County, Missouri","64575","13698","75230","21407","-","**"
"0500000US29095","Jackson County, Missouri","48995","6864","49038","4671","36847","10372"
"0500000US29097","Jasper County, Missouri","32339","5790","32929","11680","25698","9719"
"0500000US29165","Platte County, Missouri","75686","31841","82950","20031","-","**"
"0500000US29183","St. Charles County, Missouri","110109","35084","56931","50582","27203","10002"
"0500000US29189","St. Louis County, Missouri","55348","10375","46944","18460","29489","3034"
"0500000US29510","St. Louis city, Missouri","43773","5113","42941","6200","19710","16077"
"0500000US30013","Cascade County, Montana","43872","16500","42810","47030","43496","21893"
"0500000US30031","Gallatin County, Montana","77807","57144","79242","47912","-","**"
"0500000US30063","Missoula County, Montana","73829","51104","73651","9627","-","**"
"0500000US31055","Douglas County, Nebraska","57055","10147","49276","16778","37266","8239"
"0500000US31153","Sarpy County, Nebraska","78424","15476","108381","36462","-","**"
"0500000US32003","Clark County, Nevada","64478","4913","61256","13924","45691","20699"
"0500000US32031","Washoe County, Nevada","54817","5913","56813","3838","56199","9181"
"0500000US33009","Grafton County, New Hampshire","47380","32074","75303","39859","75372","70169"
"0500000US33017","Strafford County, New Hampshire","49000","17179","49157","22044","48324","30665"
"0500000US34001","Atlantic County, New Jersey","61067","18658","60819","28767","65487","34499"
"0500000US34003","Bergen County, New Jersey","84366","32884","54322","21552","18583","19236"
"0500000US34005","Burlington County, New Jersey","89823","16672","94484","19650","80817","73695"
"0500000US34007","Camden County, New Jersey","75282","10285","76079","9303","78432","25245"
"0500000US34013","Essex County, New Jersey","55452","10315","35946","7591","22237","13149"
"0500000US34017","Hudson County, New Jersey","54752","5826","52938","33621","30842","35512"
"0500000US34025","Monmouth County, New Jersey","79295","16567","63870","36572","63872","56855"
"0500000US34027","Morris County, New Jersey","103720","23870","90915","34716","38309","61692"
"0500000US34029","Ocean County, New Jersey","77351","15025","72329","13475","48466","57881"
"0500000US34031","Passaic County, New Jersey","67321","19318","57153","42356","56250","46492"
"0500000US34035","Somerset County, New Jersey","91158","13290","91518","13333","-","**"
"0500000US34037","Sussex County, New Jersey","75444","33556","68791","46845","246637","198699"
"0500000US34039","Union County, New Jersey","76483","6224","68881","14019","27373","41503"
"0500000US35001","Bernalillo County, New Mexico","59250","21370","63701","34529","42550","44151"
"0500000US35005","Chaves County, New Mexico","48883","3402","48698","3604","52008","58333"
"0500000US35013","Do?a Ana County, New Mexico","35136","6187","30628","7204","30007","18223"
"0500000US35025","Lea County, New Mexico","77620","32722","39458","20683","60393","76086"
"0500000US35031","McKinley County, New Mexico","38629","8233","43603","16850","44804","36778"
"0500000US35043","Sandoval County, New Mexico","63599","12929","63968","14809","63203","12259"
"0500000US35045","San Juan County, New Mexico","46181","7642","33241","17332","21800","13061"
"0500000US35061","Valencia County, New Mexico","70504","44806","72001","15464","71840","12451"
"0500000US36005","Bronx County, New York","38615","4662","27199","15291","14731","6199"
"0500000US36007","Broome County, New York","44063","6497","39909","7125","38448","13340"
"0500000US36009","Cattaraugus County, New York","61017","15443","57941","14573","20833","23938"
"0500000US36011","Cayuga County, New York","57243","29506","63277","32424","-","**"
"0500000US36015","Chemung County, New York","45718","17892","42675","42162","67256","36655"
"0500000US36019","Clinton County, New York","43333","50016","44924","30739","75680","55865"
"0500000US36027","Dutchess County, New York","76853","18724","62244","28343","-","**"
"0500000US36029","Erie County, New York","51580","13702","35077","9271","31152","13670"
"0500000US36045","Jefferson County, New York","63250","6017","63152","2884","58179","56781"
"0500000US36047","Kings County, New York","48501","4868","43390","3665","28877","4285"
"0500000US36051","Livingston County, New York","21779","24366","-","**","-","**"
"0500000US36053","Madison County, New York","72106","21137","71435","37090","-","**"
"0500000US36055","Monroe County, New York","47140","9923","40417","10925","31489","3281"
"0500000US36059","Nassau County, New York","114989","13150","107930","15114","107645","70676"
"0500000US36061","New York County, New York","39010","5559","36912","5817","24516","17029"
"0500000US36063","Niagara County, New York","48788","23153","29917","18422","13687","1012"
"0500000US36065","Oneida County, New York","62665","38182","32896","47685","21228","10297"
"0500000US36067","Onondaga County, New York","54844","10613","36556","18154","33038","13168"
"0500000US36069","Ontario County, New York","61875","77390","49179","16744","-","**"
"0500000US36071","Orange County, New York","89759","23958","86918","27599","60870","58168"
"0500000US36079","Putnam County, New York","85357","45578","68028","29770","-","**"
"0500000US36081","Queens County, New York","71126","7604","57513","3876","32475","35048"
"0500000US36083","Rensselaer County, New York","56301","20497","44292","26118","38681","17268"
"0500000US36087","Rockland County, New York","122638","36292","71791","41094","-","**"
"0500000US36089","St. Lawrence County, New York","53496","12918","54089","22424","29969","47666"
"0500000US36093","Schenectady County, New York","77553","37635","77978","54300","-","**"
"0500000US36101","Steuben County, New York","60547","13882","40260","15230","42762","23096"
"0500000US36103","Suffolk County, New York","95963","20358","88125","25556","35415","13045"
"0500000US36105","Sullivan County, New York","75028","34116","67002","6231","65625","61870"
"0500000US36109","Tompkins County, New York","67070","23271","50457","7358","-","**"
"0500000US36111","Ulster County, New York","56743","24415","65263","27979","44275","26090"
"0500000US36113","Warren County, New York","56864","28308","44565","32333","-","**"
"0500000US36117","Wayne County, New York","52422","18869","50705","41341","31979","6140"
"0500000US36119","Westchester County, New York","66356","18026","51213","10495","12200","19503"
"0500000US37019","Brunswick County, North Carolina","33101","33918","33408","37389","8019","2124"
"0500000US37021","Buncombe County, North Carolina","44629","21495","37727","21274","34317","14747"
"0500000US37023","Burke County, North Carolina","69048","27918","56602","40169","57324","45594"
"0500000US37031","Carteret County, North Carolina","58676","26589","57892","29608","71432","102276"
"0500000US37045","Cleveland County, North Carolina","43235","20210","43137","20951","26326","11620"
"0500000US37049","Craven County, North Carolina","31358","11504","40934","25111","60706","68099"
"0500000US37051","Cumberland County, North Carolina","46109","14882","44634","24641","26280","12828"
"0500000US37057","Davidson County, North Carolina","36001","13850","35169","13591","28701","19420"
"0500000US37063","Durham County, North Carolina","71085","31422","58261","32364","87045","63905"
"0500000US37067","Forsyth County, North Carolina","55439","26311","61155","4949","50250","38977"
"0500000US37071","Gaston County, North Carolina","44462","11344","39047","8105","33873","8394"
"0500000US37081","Guilford County, North Carolina","40328","6537","37047","13961","46684","18300"
"0500000US37085","Harnett County, North Carolina","48298","15760","48741","10063","40842","12569"
"0500000US37089","Henderson County, North Carolina","76766","8441","75552","45703","90804","81033"
"0500000US37097","Iredell County, North Carolina","62971","50886","78336","19125","75478","57791"
"0500000US37101","Johnston County, North Carolina","53788","21229","45625","17047","47027","53533"
"0500000US37109","Lincoln County, North Carolina","14145","33248","12117","5320","11500","482"
"0500000US37119","Mecklenburg County, North Carolina","40651","8702","31735","5050","24957","13074"
"0500000US37125","Moore County, North Carolina","46758","26091","47402","34697","-","**"
"0500000US37127","Nash County, North Carolina","52101","15320","56082","15083","42936","14744"
"0500000US37129","New Hanover County, North Carolina","50430","30384","50234","20481","34987","20607"
"0500000US37133","Onslow County, North Carolina","79888","45051","103075","141603","26339","9252"
"0500000US37135","Orange County, North Carolina","103388","78039","36071","8099","-","**"
"0500000US37147","Pitt County, North Carolina","44108","5902","39459","10065","22534","22580"
"0500000US37151","Randolph County, North Carolina","38737","22118","38839","25761","37159","13706"
"0500000US37155","Robeson County, North Carolina","38068","15369","35375","18384","21031","11775"
"0500000US37157","Rockingham County, North Carolina","54892","25473","61413","39127","46141","36185"
"0500000US37159","Rowan County, North Carolina","46305","9862","43274","9392","56603","35377"
"0500000US37161","Rutherford County, North Carolina","44418","8406","44882","16023","43452","11573"
"0500000US37179","Union County, North Carolina","44024","4369","41875","17740","28903","15904"
"0500000US37183","Wake County, North Carolina","56921","8723","46157","17134","40983","23194"
"0500000US37195","Wilson County, North Carolina","40701","7342","35366","21864","16005","6746"
"0500000US38017","Cass County, North Dakota","61034","12723","61704","1562","61228","996"
"0500000US38035","Grand Forks County, North Dakota","104747","44055","-","**","-","**"
"0500000US38101","Ward County, North Dakota","106349","77319","-","**","-","**"
"0500000US39007","Ashtabula County, Ohio","42973","36702","28243","30259","62682","44631"
"0500000US39017","Butler County, Ohio","76522","21206","49978","29754","49161","15383"
"0500000US39023","Clark County, Ohio","46233","4894","33246","8532","24718","6128"
"0500000US39025","Clermont County, Ohio","65865","28995","61111","9836","60569","39175"
"0500000US39029","Columbiana County, Ohio","40598","13756","40504","13302","40481","28560"
"0500000US39035","Cuyahoga County, Ohio","40114","8455","37330","15088","28352","8765"
"0500000US39041","Delaware County, Ohio","116000","44455","116740","16098","-","**"
"0500000US39045","Fairfield County, Ohio","65089","65966","54142","38508","52783","17385"
"0500000US39049","Franklin County, Ohio","43864","8766","35842","6446","27239","9070"
"0500000US39061","Hamilton County, Ohio","58966","5656","54393","16482","24444","11015"
"0500000US39063","Hancock County, Ohio","71957","34007","152266","25110","-","**"
"0500000US39081","Jefferson County, Ohio","29770","19856","27632","26285","13355","3635"
"0500000US39085","Lake County, Ohio","77175","15161","76173","3340","70950","33335"
"0500000US39089","Licking County, Ohio","46483","19237","45378","32838","34695","10889"
"0500000US39095","Lucas County, Ohio","44653","7184","44405","19282","34256","11622"
"0500000US39099","Mahoning County, Ohio","57887","23125","39077","8854","34348","51537"
"0500000US39101","Marion County, Ohio","27549","19635","26529","30080","20150","17184"
"0500000US39103","Medina County, Ohio","66477","39225","66534","37217","-","**"
"0500000US39109","Miami County, Ohio","57596","14914","63500","20361","63477","85268"
"0500000US39113","Montgomery County, Ohio","45048","17037","37427","16140","47450","36156"
"0500000US39119","Muskingum County, Ohio","97875","44383","112514","31831","47778","78364"
"0500000US39133","Portage County, Ohio","60688","10345","53315","4403","53315","4403"
"0500000US39139","Richland County, Ohio","41892","32783","44315","37631","44516","39293"
"0500000US39151","Stark County, Ohio","46198","6267","47928","8298","60292","52048"
"0500000US39153","Summit County, Ohio","49878","7487","40829","18623","17167","17763"
"0500000US39155","Trumbull County, Ohio","55192","21452","50971","3955","50099","21402"
"0500000US39165","Warren County, Ohio","91623","39665","104693","38001","80524","50035"
"0500000US39169","Wayne County, Ohio","55688","21914","51423","22913","23310","8156"
"0500000US39173","Wood County, Ohio","74693","17200","67127","17848","68065","56696"
"0500000US40017","Canadian County, Oklahoma","75149","41918","59231","40087","77153","70134"
"0500000US40027","Cleveland County, Oklahoma","66780","25995","72663","29186","93330","41994"
"0500000US40031","Comanche County, Oklahoma","70382","25540","73321","15259","74032","11466"
"0500000US40101","Muskogee County, Oklahoma","44559","14243","42599","14786","38542","21177"
"0500000US40109","Oklahoma County, Oklahoma","54098","10928","42301","14054","40548","20927"
"0500000US40125","Pottawatomie County, Oklahoma","56821","17759","46791","34387","35987","17631"
"0500000US40131","Rogers County, Oklahoma","48476","15002","49223","16802","36865","23816"
"0500000US40143","Tulsa County, Oklahoma","60541","5782","56586","8183","34383","11870"
"0500000US41005","Clackamas County, Oregon","82748","24599","79105","21454","47405","42086"
"0500000US41019","Douglas County, Oregon","48672","18832","34752","16282","34406","18172"
"0500000US41029","Jackson County, Oregon","45823","15536","39497","13541","39021","4500"
"0500000US41033","Josephine County, Oregon","58945","24274","35684","26923","35483","30816"
"0500000US41035","Klamath County, Oregon","52305","38521","70554","57576","-","**"
"0500000US41039","Lane County, Oregon","43908","9897","42217","15474","27400","25598"
"0500000US41051","Multnomah County, Oregon","56722","11867","52203","13898","31910","32451"
"0500000US41053","Polk County, Oregon","55618","17726","54682","11238","-","**"
"0500000US41059","Umatilla County, Oregon","51983","65310","80670","102092","35915","22675"
"0500000US41067","Washington County, Oregon","60327","18968","70699","21620","46250","37403"
"0500000US42001","Adams County, Pennsylvania","66154","5626","67516","7098","55787","86471"
"0500000US42003","Allegheny County, Pennsylvania","60171","12578","54347","12549","29226","25294"
"0500000US42011","Berks County, Pennsylvania","53608","8402","51920","10677","19321","18794"
"0500000US42013","Blair County, Pennsylvania","51162","31048","37107","23908","51739","15959"
"0500000US42017","Bucks County, Pennsylvania","87254","14646","101013","29126","109858","95961"
"0500000US42019","Butler County, Pennsylvania","65823","3714","64593","20616","66563","7325"
"0500000US42021","Cambria County, Pennsylvania","43617","6645","31475","10776","27348","7038"
"0500000US42025","Carbon County, Pennsylvania","77467","46170","44025","41761","43136","29192"
"0500000US42033","Clearfield County, Pennsylvania","51065","17831","47577","27454","31815","13874"
"0500000US42037","Columbia County, Pennsylvania","55202","31027","34135","35821","24352","7334"
"0500000US42043","Dauphin County, Pennsylvania","52476","20417","34688","16446","23911","34128"
"0500000US42045","Delaware County, Pennsylvania","55901","15938","45740","8492","25929","25598"
"0500000US42049","Erie County, Pennsylvania","42609","18706","34902","26380","28080","13465"
"0500000US42055","Franklin County, Pennsylvania","68356","20600","54188","38813","46951","23759"
"0500000US42063","Indiana County, Pennsylvania","87685","55054","102862","46719","88333","61640"
"0500000US42069","Lackawanna County, Pennsylvania","72479","15520","70190","32957","-","**"
"0500000US42071","Lancaster County, Pennsylvania","82500","10868","63556","17499","61519","67406"
"0500000US42075","Lebanon County, Pennsylvania","44460","8102","43580","3027","44769","10184"
"0500000US42077","Lehigh County, Pennsylvania","54489","11887","37414","18986","53176","9351"
"0500000US42089","Monroe County, Pennsylvania","61747","17489","66242","11511","105134","106964"
"0500000US42091","Montgomery County, Pennsylvania","88867","9928","76602","22268","137932","73639"
"0500000US42095","Northampton County, Pennsylvania","79269","17480","69803","25875","32236","30007"
"0500000US42101","Philadelphia County, Pennsylvania","42725","5265","37608","6443","19273","11774"
"0500000US42107","Schuylkill County, Pennsylvania","55747","13582","52656","21925","31327","23253"
"0500000US42111","Somerset County, Pennsylvania","46302","40242","29955","51237","27299","3256"
"0500000US42125","Washington County, Pennsylvania","72319","30687","71970","45206","36532","34912"
"0500000US42129","Westmoreland County, Pennsylvania","76303","15539","81581","17495","61682","45125"
"0500000US44003","Kent County, Rhode Island","87080","14611","88750","52323","-","**"
"0500000US44007","Providence County, Rhode Island","50882","7313","35500","19668","25861","11944"
"0500000US44009","Washington County, Rhode Island","113732","54927","-","**","-","**"
"0500000US45003","Aiken County, South Carolina","42655","7636","30610","21077","35322","17818"
"0500000US45007","Anderson County, South Carolina","42330","17759","50303","16772","41845","16358"
"0500000US45013","Beaufort County, South Carolina","65078","26195","66484","51312","-","**"
"0500000US45015","Berkeley County, South Carolina","49000","14142","45463","8672","31517","33062"
"0500000US45019","Charleston County, South Carolina","54909","5504","54749","13864","22849","26991"
"0500000US45041","Florence County, South Carolina","49286","22363","34772","16690","26062","10143"
"0500000US45045","Greenville County, South Carolina","41212","14642","28958","15672","16906","6272"
"0500000US45051","Horry County, South Carolina","60400","16476","61805","15529","31612","30747"
"0500000US45057","Lancaster County, South Carolina","43842","28309","44693","27298","37703","44458"
"0500000US45059","Laurens County, South Carolina","41624","12337","41745","16032","40888","25115"
"0500000US45063","Lexington County, South Carolina","43005","16724","50933","25579","66020","33319"
"0500000US45077","Pickens County, South Carolina","44283","27332","43330","22457","28260","28527"
"0500000US45079","Richland County, South Carolina","54450","6461","47623","15603","38007","6638"
"0500000US45085","Sumter County, South Carolina","33953","8209","39911","24079","29051","13847"
"0500000US45091","York County, South Carolina","57348","20904","55221","19012","55631","14882"
"0500000US46103","Pennington County, South Dakota","72813","31840","54533","26247","73320","99986"
"0500000US47001","Anderson County, Tennessee","56455","24116","65156","31294","41556","17763"
"0500000US47009","Blount County, Tennessee","55617","15676","48532","9050","41960","20812"
"0500000US47037","Davidson County, Tennessee","46524","9377","36841","9138","25865","15665"
"0500000US47059","Greene County, Tennessee","27746","2504","26304","2440","35317","18845"
"0500000US47065","Hamilton County, Tennessee","43151","13930","41411","19845","41655","44267"
"0500000US47093","Knox County, Tennessee","60370","21770","45166","30497","36737","40901"
"0500000US47113","Madison County, Tennessee","47436","23198","55963","29302","31772","13591"
"0500000US47125","Montgomery County, Tennessee","69856","11438","72511","16825","53839","65602"
"0500000US47141","Putnam County, Tennessee","36776","33178","57042","36668","-","**"
"0500000US47147","Robertson County, Tennessee","47403","43024","47347","38354","-","**"
"0500000US47149","Rutherford County, Tennessee","69148","13355","73547","9611","73533","18287"
"0500000US47155","Sevier County, Tennessee","45467","17462","46729","13157","46188","25164"
"0500000US47157","Shelby County, Tennessee","40851","10333","33730","5449","24701","18355"
"0500000US47165","Sumner County, Tennessee","64862","16150","64210","14410","54665","25315"
"0500000US47179","Washington County, Tennessee","57937","31310","58968","50921","60000","63022"
"0500000US47189","Wilson County, Tennessee","43920","14536","42770","28843","40696","36905"
"0500000US48005","Angelina County, Texas","44846","28560","42608","43691","25430","8688"
"0500000US48021","Bastrop County, Texas","65601","43702","151020","104082","-","**"
"0500000US48027","Bell County, Texas","66971","15118","64859","19160","26347","6833"
"0500000US48029","Bexar County, Texas","53234","3849","47171","10504","25131","3798"
"0500000US48037","Bowie County, Texas","34818","16184","33046","17423","33004","44421"
"0500000US48039","Brazoria County, Texas","64497","11199","73532","25305","27990","25593"
"0500000US48041","Brazos County, Texas","52799","23104","54123","19540","59920","14667"
"0500000US48113","Dallas County, Texas","54351","3341","46910","4708","31763","11423"
"0500000US48121","Denton County, Texas","73632","15705","74983","37340","84472","79319"
"0500000US48141","El Paso County, Texas","48554","5553","42060","10511","31222","17893"
"0500000US48157","Fort Bend County, Texas","73864","7443","56130","4955","53658","2481"
"0500000US48167","Galveston County, Texas","73670","11507","67256","10951","40182","30991"
"0500000US48181","Grayson County, Texas","43063","28456","40667","5562","40553","37460"
"0500000US48183","Gregg County, Texas","69527","23398","49479","26298","49536","63369"
"0500000US48187","Guadalupe County, Texas","52030","10520","55319","13080","39335","37014"
"0500000US48201","Harris County, Texas","59809","5443","55306","7430","36672","19087"
"0500000US48209","Hays County, Texas","93707","9944","100160","80282","39652","35883"
"0500000US48213","Henderson County, Texas","48326","9022","51573","34767","51177","33032"
"0500000US48215","Hidalgo County, Texas","36301","7915","32575","8910","20500","8962"
"0500000US48231","Hunt County, Texas","49350","37713","58205","44122","66422","74130"
"0500000US48245","Jefferson County, Texas","49511","16276","43202","11724","32041","22236"
"0500000US48251","Johnson County, Texas","58700","42353","48224","35559","29922","26143"
"0500000US48303","Lubbock County, Texas","54578","18240","49256","13897","41172","8848"
"0500000US48329","Midland County, Texas","63244","46460","110965","46823","80934","62933"
"0500000US48339","Montgomery County, Texas","60827","12243","61274","7354","61144","1636"
"0500000US48347","Nacogdoches County, Texas","59972","34280","42280","26896","59389","59445"
"0500000US48361","Orange County, Texas","32399","63369","31928","34873","30890","6875"
"0500000US48367","Parker County, Texas","77235","22710","63750","52015","27044","16265"
"0500000US48375","Potter County, Texas","42105","9985","40073","8876","18616","25718"
"0500000US48381","Randall County, Texas","70231","31385","60082","56622","45250","10973"
"0500000US48397","Rockwall County, Texas","106646","47587","89441","44253","-","**"
"0500000US48423","Smith County, Texas","56729","18549","38023","27049","34554","37307"
"0500000US48439","Tarrant County, Texas","61844","8837","52276","10364","39590","30784"
"0500000US48441","Taylor County, Texas","46230","14984","43516","23103","42526","25824"
"0500000US29187","St. Francois County, Missouri","null","null","null","null","null","null"
"0500000US19169","Story County, Iowa","null","null","null","null","null","null"
"0500000US01077","Lauderdale County, Alabama","null","null","null","null","null","null"
"0500000US48139","Ellis County, Texas","null","null","null","null","null","null"
"0500000US04027","Yuma County, Arizona","null","null","null","null","null","null"
"0500000US22019","Calcasieu Parish, Louisiana","null","null","null","null","null","null"
"0500000US33011","Hillsborough County, New Hampshire","null","null","null","null","null","null"
"0500000US01083","Limestone County, Alabama","null","null","null","null","null","null"
"0500000US72137","Toa Baja Municipio, Puerto Rico","null","null","null","null","null","null"
"0500000US51177","Spotsylvania County, Virginia","null","null","null","null","null","null"
"0500000US26005","Allegan County, Michigan","null","null","null","null","null","null"
"0500000US51121","Montgomery County, Virginia","null","null","null","null","null","null"
"0500000US27139","Scott County, Minnesota","null","null","null","null","null","null"
"0500000US37171","Surry County, North Carolina","null","null","null","null","null","null"
"0500000US29031","Cape Girardeau County, Missouri","null","null","null","null","null","null"
"0500000US24027","Howard County, Maryland","null","null","null","null","null","null"
"0500000US05031","Craighead County, Arkansas","null","null","null","null","null","null"
"0500000US39141","Ross County, Ohio","null","null","null","null","null","null"
"0500000US20091","Johnson County, Kansas","null","null","null","null","null","null"
"0500000US48099","Coryell County, Texas","null","null","null","null","null","null"
"0500000US06031","Kings County, California","null","null","null","null","null","null"
"0500000US13051","Chatham County, Georgia","null","null","null","null","null","null"
"0500000US29099","Jefferson County, Missouri","null","null","null","null","null","null"
"0500000US47119","Maury County, Tennessee","null","null","null","null","null","null"
"0500000US51087","Henrico County, Virginia","null","null","null","null","null","null"
"0500000US72025","Caguas Municipio, Puerto Rico","null","null","null","null","null","null"
"0500000US24045","Wicomico County, Maryland","null","null","null","null","null","null"
"0500000US06045","Mendocino County, California","null","null","null","null","null","null"
"0500000US12107","Putnam County, Florida","null","null","null","null","null","null"
"0500000US56021","Laramie County, Wyoming","null","null","null","null","null","null"
"0500000US25011","Franklin County, Massachusetts","null","null","null","null","null","null"
"0500000US21151","Madison County, Kentucky","null","null","null","null","null","null"
"0500000US55035","Eau Claire County, Wisconsin","null","null","null","null","null","null"
"0500000US22005","Ascension Parish, Louisiana","null","null","null","null","null","null"
"0500000US55117","Sheboygan County, Wisconsin","null","null","null","null","null","null"
"0500000US53009","Clallam County, Washington","null","null","null","null","null","null"
"0500000US18067","Howard County, Indiana","null","null","null","null","null","null"
"0500000US19193","Woodbury County, Iowa","null","null","null","null","null","null"
"0500000US21037","Campbell County, Kentucky","null","null","null","null","null","null"
"0500000US27013","Blue Earth County, Minnesota","null","null","null","null","null","null"
"0500000US20177","Shawnee County, Kansas","null","null","null","null","null","null"
"0500000US12021","Collier County, Florida","null","null","null","null","null","null"
"0500000US42051","Fayette County, Pennsylvania","null","null","null","null","null","null"
"0500000US36001","Albany County, New York","null","null","null","null","null","null"
"0500000US34019","Hunterdon County, New Jersey","null","null","null","null","null","null"
"0500000US18057","Hamilton County, Indiana","null","null","null","null","null","null"
"0500000US16083","Twin Falls County, Idaho","null","null","null","null","null","null"
"0500000US26159","Van Buren County, Michigan","null","null","null","null","null","null"
"0500000US30029","Flathead County, Montana","null","null","null","null","null","null"
"0500000US34015","Gloucester County, New Jersey","null","null","null","null","null","null"
"0500000US26017","Bay County, Michigan","null","null","null","null","null","null"
"0500000US39055","Geauga County, Ohio","null","null","null","null","null","null"
"0500000US13077","Coweta County, Georgia","null","null","null","null","null","null"
"0500000US47163","Sullivan County, Tennessee","null","null","null","null","null","null"
"0500000US55039","Fond du Lac County, Wisconsin","null","null","null","null","null","null"
"0500000US26111","Midland County, Michigan","null","null","null","null","null","null"
"0500000US42005","Armstrong County, Pennsylvania","null","null","null","null","null","null"
"0500000US42039","Crawford County, Pennsylvania","null","null","null","null","null","null"
"0500000US41003","Benton County, Oregon","null","null","null","null","null","null"
"0500000US12097","Osceola County, Florida","null","null","null","null","null","null"
"0500000US16019","Bonneville County, Idaho","null","null","null","null","null","null"
"0500000US01117","Shelby County, Alabama","null","null","null","null","null","null"
"0500000US45035","Dorchester County, South Carolina","null","null","null","null","null","null"
"0500000US29019","Boone County, Missouri","null","null","null","null","null","null"
"0500000US42079","Luzerne County, Pennsylvania","null","null","null","null","null","null"
"0500000US48091","Comal County, Texas","null","null","null","null","null","null"
"0500000US48085","Collin County, Texas","null","null","null","null","null","null"
"0500000US51003","Albemarle County, Virginia","null","null","null","null","null","null"
"0500000US39157","Tuscarawas County, Ohio","null","null","null","null","null","null"
"0500000US34009","Cape May County, New Jersey","null","null","null","null","null","null"
"0500000US33005","Cheshire County, New Hampshire","null","null","null","null","null","null"
"0500000US42007","Beaver County, Pennsylvania","null","null","null","null","null","null"
"0500000US51700","Newport News city, Virginia","null","null","null","null","null","null"
"0500000US17099","LaSalle County, Illinois","null","null","null","null","null","null"
"0500000US21093","Hardin County, Kentucky","null","null","null","null","null","null"
"0500000US34011","Cumberland County, New Jersey","null","null","null","null","null","null"
"0500000US28075","Lauderdale County, Mississippi","null","null","null","null","null","null"
"0500000US48061","Cameron County, Texas","null","null","null","null","null","null"
"0500000US41043","Linn County, Oregon","null","null","null","null","null","null"
"0500000US51107","Loudoun County, Virginia","null","null","null","null","null","null"
"0500000US55025","Dane County, Wisconsin","null","null","null","null","null","null"
"0500000US55139","Winnebago County, Wisconsin","null","null","null","null","null","null"
"0500000US02090","Fairbanks North Star Borough, Alaska","null","null","null","null","null","null"
"0500000US34041","Warren County, New Jersey","null","null","null","null","null","null"
"0500000US48135","Ector County, Texas","null","null","null","null","null","null"
"0500000US06061","Placer County, California","null","null","null","null","null","null"
"0500000US42097","Northumberland County, Pennsylvania","null","null","null","null","null","null"
"0500000US33013","Merrimack County, New Hampshire","null","null","null","null","null","null"
"0500000US13063","Clayton County, Georgia","null","null","null","null","null","null"
"0500000US25021","Norfolk County, Massachusetts","null","null","null","null","null","null"
"0500000US31109","Lancaster County, Nebraska","null","null","null","null","null","null"
"0500000US24013","Carroll County, Maryland","null","null","null","null","null","null"
"0500000US42133","York County, Pennsylvania","null","null","null","null","null","null"
"0500000US17001","Adams County, Illinois","null","null","null","null","null","null"
"0500000US24043","Washington County, Maryland","null","null","null","null","null","null"
"0500000US72139","Trujillo Alto Municipio, Puerto Rico","null","null","null","null","null","null"
"0500000US33015","Rockingham County, New Hampshire","null","null","null","null","null","null"
"0500000US04001","Apache County, Arizona","null","null","null","null","null","null"
"0500000US13115","Floyd County, Georgia","null","null","null","null","null","null"
"0500000US12069","Lake County, Florida","null","null","null","null","null","null"
"0500000US45047","Greenwood County, South Carolina","null","null","null","null","null","null"
"0500000US17115","Macon County, Illinois","null","null","null","null","null","null"
"0500000US37001","Alamance County, North Carolina","null","null","null","null","null","null"
"0500000US22105","Tangipahoa Parish, Louisiana","null","null","null","null","null","null"
"0500000US37025","Cabarrus County, North Carolina","null","null","null","null","null","null"
"0500000US39093","Lorain County, Ohio","null","null","null","null","null","null"
"0500000US42085","Mercer County, Pennsylvania","null","null","null","null","null","null"
"0500000US13151","Henry County, Georgia","null","null","null","null","null","null"
"0500000US48355","Nueces County, Texas","null","null","null","null","null","null"
"0500000US18167","Vigo County, Indiana","null","null","null","null","null","null"
"0500000US40145","Wagoner County, Oklahoma","null","null","null","null","null","null"
"0500000US36013","Chautauqua County, New York","null","null","null","null","null","null"
"0500000US12061","Indian River County, Florida","null","null","null","null","null","null"
"0500000US12035","Flagler County, Florida","null","null","null","null","null","null"
"0500000US40037","Creek County, Oklahoma","null","null","null","null","null","null"
"0500000US01095","Marshall County, Alabama","null","null","null","null","null","null"
"0500000US24017","Charles County, Maryland","null","null","null","null","null","null"
"0500000US17113","McLean County, Illinois","null","null","null","null","null","null"
"0500000US01049","DeKalb County, Alabama","null","null","null","null","null","null"
"0500000US36075","Oswego County, New York","null","null","null","null","null","null"
"0500000US47187","Williamson County, Tennessee","null","null","null","null","null","null"
"0500000US22103","St. Tammany Parish, Louisiana","null","null","null","null","null","null"
"0500000US51015","Augusta County, Virginia","null","null","null","null","null","null"
"0500000US39013","Belmont County, Ohio","null","null","null","null","null","null"
"0500000US18005","Bartholomew County, Indiana","null","null","null","null","null","null"
"0500000US06017","El Dorado County, California","null","null","null","null","null","null"
"0500000US39057","Greene County, Ohio","null","null","null","null","null","null"
"0500000US38015","Burleigh County, North Dakota","null","null","null","null","null","null"
"0500000US41047","Marion County, Oregon","null","null","null","null","null","null"
"0500000US37193","Wilkes County, North Carolina","null","null","null","null","null","null"
"0500000US46099","Minnehaha County, South Dakota","null","null","null","null","null","null"
"0500000US45031","Darlington County, South Carolina","null","null","null","null","null","null"
"0500000US26021","Berrien County, Michigan","null","null","null","null","null","null"
"0500000US26103","Marquette County, Michigan","null","null","null","null","null","null"
"0500000US21059","Daviess County, Kentucky","null","null","null","null","null","null"
"0500000US28035","Forrest County, Mississippi","null","null","null","null","null","null"
"0500000US39145","Scioto County, Ohio","null","null","null","null","null","null"
"0500000US55059","Kenosha County, Wisconsin","null","null","null","null","null","null"
"0500000US48291","Liberty County, Texas","null","null","null","null","null","null"
"0500000US30049","Lewis and Clark County, Montana","null","null","null","null","null","null"
"0500000US21145","McCracken County, Kentucky","null","null","null","null","null","null"
"0500000US26045","Eaton County, Michigan","null","null","null","null","null","null"
"0500000US54107","Wood County, West Virginia","null","null","null","null","null","null"
"0500000US48257","Kaufman County, Texas","null","null","null","null","null","null"
"0500000US28089","Madison County, Mississippi","null","null","null","null","null","null"
"0500000US47011","Bradley County, Tennessee","null","null","null","null","null","null"
"0500000US48203","Harrison County, Texas","null","null","null","null","null","null"
"0500000US35049","Santa Fe County, New Mexico","null","null","null","null","null","null"
"0500000US01103","Morgan County, Alabama","null","null","null","null","null","null"
"0500000US13015","Bartow County, Georgia","null","null","null","null","null","null"
"0500000US42041","Cumberland County, Pennsylvania","null","null","null","null","null","null"
"0500000US41017","Deschutes County, Oregon","null","null","null","null","null","null"
"0500000US09005","Litchfield County, Connecticut","null","null","null","null","null","null"
"0500000US06087","Santa Cruz County, California","null","null","null","null","null","null"
"0500000US20045","Douglas County, Kansas","null","null","null","null","null","null"
"0500000US13031","Bulloch County, Georgia","null","null","null","null","null","null"
"0500000US18003","Allen County, Indiana","null","null","null","null","null","null"
"0500000US22055","Lafayette Parish, Louisiana","null","null","null","null","null","null"
"0500000US45075","Orangeburg County, South Carolina","null","null","null","null","null","null"
"0500000US48309","McLennan County, Texas","null","null","null","null","null","null"
"0500000US50007","Chittenden County, Vermont","null","null","null","null","null","null"
"0500000US41071","Yamhill County, Oregon","null","null","null","null","null","null"
"0500000US12001","Alachua County, Florida","null","null","null","null","null","null"
"0500000US42081","Lycoming County, Pennsylvania","null","null","null","null","null","null"
"0500000US19155","Pottawattamie County, Iowa","null","null","null","null","null","null"
"0500000US55089","Ozaukee County, Wisconsin","null","null","null","null","null","null"
"0500000US30111","Yellowstone County, Montana","null","null","null","null","null","null"
"0500000US06023","Humboldt County, California","null","null","null","null","null","null"
"0500000US18127","Porter County, Indiana","null","null","null","null","null","null"
"0500000US13185","Lowndes County, Georgia","null","null","null","null","null","null"
"0500000US18085","Kosciusko County, Indiana","null","null","null","null","null","null"
"0500000US37027","Caldwell County, North Carolina","null","null","null","null","null","null"
"0500000US42029","Chester County, Pennsylvania","null","null","null","null","null","null"
"0500000US36091","Saratoga County, New York","null","null","null","null","null","null"
"0500000US55027","Dodge County, Wisconsin","null","null","null","null","null","null"
"0500000US37037","Chatham County, North Carolina","null","null","null","null","null","null"
"0500000US13095","Dougherty County, Georgia","null","null","null","null","null","null"
"0500000US17183","Vermilion County, Illinois","null","null","null","null","null","null"
"0500000US08059","Jefferson County, Colorado","null","null","null","null","null","null"
"0500000US27163","Washington County, Minnesota","null","null","null","null","null","null"
"0500000US12055","Highlands County, Florida","null","null","null","null","null","null"
"0500000US37035","Catawba County, North Carolina","null","null","null","null","null","null"
"0500000US35035","Otero County, New Mexico","null","null","null","null","null","null"
"0500000US22073","Ouachita Parish, Louisiana","null","null","null","null","null","null"
"0500000US29077","Greene County, Missouri","null","null","null","null","null","null"
"0500000US40119","Payne County, Oklahoma","null","null","null","null","null","null"
"0500000US18177","Wayne County, Indiana","null","null","null","null","null","null"
"0500000US37191","Wayne County, North Carolina","null","null","null","null","null","null"
"0500000US39003","Allen County, Ohio","null","null","null","null","null","null"
"0500000US44005","Newport County, Rhode Island","null","null","null","null","null","null"
"0500000US45083","Spartanburg County, South Carolina","null","null","null","null","null","null"
"0500000US23031","York County, Maine","null","null","null","null","null","null"
"0500000US42027","Centre County, Pennsylvania","null","null","null","null","null","null"
"0500000US12089","Nassau County, Florida","null","null","null","null","null","null"
"0500000US34033","Salem County, New Jersey","null","null","null","null","null","null"
"0500000US42073","Lawrence County, Pennsylvania","null","null","null","null","null","null"
"0500000US25015","Hampshire County, Massachusetts","null","null","null","null","null","null"
"0500000US23001","Androscoggin County, Maine","null","null","null","null","null","null"
"0500000US39043","Erie County, Ohio","null","null","null","null","null","null"
"0500000US08035","Douglas County, Colorado","null","null","null","null","null","null"
"0500000US34023","Middlesex County, New Jersey","null","null","null","null","null","null"
"0500000US10001","Kent County, Delaware","null","null","null","null","null","null"
"0500000US18141","St. Joseph County, Indiana","null","null","null","null","null","null"
"0500000US45073","Oconee County, South Carolina","null","null","null","null","null","null"
"0500000US34021","Mercer County, New Jersey","null","null","null","null","null","null"
"0500000US48409","San Patricio County, Texas","null","null","null","null","null","null"
"0500000US01043","Cullman County, Alabama","null","null","null","null","null","null"
"0500000US13117","Forsyth County, Georgia","null","null","null","null","null","null"
"0500000US17201","Winnebago County, Illinois","null","null","null","null","null","null"
"0500000US06033","Lake County, California","null","null","null","null","null","null"
"0500000US36085","Richmond County, New York","null","null","null","null","null","null"
"0500000US13045","Carroll County, Georgia","null","null","null","null","null","null"
"0500000US01125","Tuscaloosa County, Alabama","null","null","null","null","null","null"
"0500000US12087","Monroe County, Florida","null","null","null","null","null","null"
"0500000US13097","Douglas County, Georgia","null","null","null","null","null","null"
"0500000US29047","Clay County, Missouri","null","null","null","null","null","null"
"0500000US01051","Elmore County, Alabama","null","null","null","null","null","null"
