"GEO_ID","NAME","B10010_001E","B10010_001M","B10010_002E","B10010_002M","B10010_003E","B10010_003M"
"id","Geographic Area Name","Estimate!!Median family income in the past 12 months!!Total","Margin of Error!!Median family income in the past 12 months!!Total","Estimate!!Median family income in the past 12 months!!Grandparent householder and/or spouse responsible for grandchildren under 18 years (dollars)","Margin of Error!!Median family income in the past 12 months!!Grandparent householder and/or spouse responsible for grandchildren under 18 years (dollars)","Estimate!!Median family income in the past 12 months!!Grandparent householder and/or spouse responsible for grandchildren under 18 years and no parent present (dollars)","Margin of Error!!Median family income in the past 12 months!!Grandparent householder and/or spouse responsible for grandchildren under 18 years and no parent present (dollars)"
"0500000US01015","Calhoun County, Alabama","34392","14578","29818","11461","27564","32647"
"0500000US01043","Cullman County, Alabama","41733","26213","31153","10267","31358","36979"
"0500000US01051","Elmore County, Alabama","60059","14916","60691","19007","35474","46376"
"0500000US01055","Etowah County, Alabama","48056","26033","47778","24233","83176","42088"
"0500000US01069","Houston County, Alabama","34837","5554","35506","6487","30208","15912"
"0500000US01073","Jefferson County, Alabama","34779","8396","33943","10412","26142","9202"
"0500000US01077","Lauderdale County, Alabama","34507","20253","38814","17263","45479","13035"
"0500000US01081","Lee County, Alabama","39456","25944","35767","13144","22138","14898"
"0500000US01083","Limestone County, Alabama","63958","43466","63368","45848","85139","51264"
"0500000US01089","Madison County, Alabama","71180","20361","64181","28230","101458","100022"
"0500000US01097","Mobile County, Alabama","50996","5620","52467","5976","42740","20982"
"0500000US01103","Morgan County, Alabama","41371","18232","40093","31540","62994","38580"
"0500000US01115","St. Clair County, Alabama","62742","38709","50288","23835","47005","22280"
"0500000US01117","Shelby County, Alabama","57375","22853","55688","41965","46278","21690"
"0500000US01125","Tuscaloosa County, Alabama","42108","22020","43958","23137","21918","29457"
"0500000US01127","Walker County, Alabama","47351","28465","46101","37986","60536","8856"
"0500000US02090","Fairbanks North Star Borough, Alaska","95864","74453","95993","94785","-","**"
"0500000US02170","Matanuska-Susitna Borough, Alaska","71016","26868","57478","37724","70175","42930"
"0500000US04001","Apache County, Arizona","40273","6040","40149","8772","36458","11797"
"0500000US04003","Cochise County, Arizona","48798","14849","47692","16749","29704","29581"
"0500000US04005","Coconino County, Arizona","46875","30299","54556","52176","68090","30746"
"0500000US04013","Maricopa County, Arizona","52879","3330","48439","3481","41773","5289"
"0500000US04015","Mohave County, Arizona","34399","3127","33616","10353","23452","29816"
"0500000US04017","Navajo County, Arizona","33530","5897","33954","11990","12436","18077"
"0500000US04019","Pima County, Arizona","38526","4502","33638","4554","22360","15711"
"0500000US04021","Pinal County, Arizona","45430","7147","39402","12415","29848","19354"
"0500000US04025","Yavapai County, Arizona","43835","11892","48604","7726","71045","54776"
"0500000US04027","Yuma County, Arizona","48092","9913","47471","17224","20806","16649"
"0500000US05007","Benton County, Arkansas","48378","23591","37025","21726","28421","27248"
"0500000US05031","Craighead County, Arkansas","37599","35754","27306","12141","27202","3201"
"0500000US05045","Faulkner County, Arkansas","60950","5908","60817","5777","61042","31080"
"0500000US05085","Lonoke County, Arkansas","95275","27391","52371","61074","87232","49410"
"0500000US05119","Pulaski County, Arkansas","41759","13731","40004","12327","38952","35663"
"0500000US05125","Saline County, Arkansas","79579","18058","85864","74996","28505","19579"
"0500000US05143","Washington County, Arkansas","44446","14201","53574","30793","67609","41201"
"0500000US05145","White County, Arkansas","32154","31140","25833","3783","25182","2315"
"0500000US06001","Alameda County, California","66414","12538","56456","27800","49423","70040"
"0500000US06013","Contra Costa County, California","64830","18490","60258","25964","36875","45854"
"0500000US06017","El Dorado County, California","95542","42003","95604","31296","43861","44993"
"0500000US06019","Fresno County, California","45502","6068","49065","10763","39947","11883"
"0500000US06023","Humboldt County, California","48977","23391","55605","21266","55855","29089"
"0500000US06025","Imperial County, California","33594","6301","31215","2349","21216","4569"
"0500000US06029","Kern County, California","39501","5613","38145","12510","26944","12533"
"0500000US06031","Kings County, California","50082","15849","45808","24619","28805","9701"
"0500000US06037","Los Angeles County, California","56563","2270","52349","3105","41741","4532"
"0500000US06045","Mendocino County, California","65778","24968","46691","5515","40938","70711"
"0500000US06047","Merced County, California","53140","5285","57583","14370","21037","19112"
"0500000US06053","Monterey County, California","50882","14308","52177","18691","49595","25371"
"0500000US06055","Napa County, California","64886","21229","64784","28040","48016","73170"
"0500000US06057","Nevada County, California","61481","62372","55208","29170","-","**"
"0500000US06059","Orange County, California","74572","7072","71764","13429","85316","34616"
"0500000US06065","Riverside County, California","58112","4861","47873","6181","33465","6931"
"0500000US06067","Sacramento County, California","50918","4481","45594","6995","33107","9935"
"0500000US06071","San Bernardino County, California","55373","4051","51603","4346","42471","6489"
"0500000US06073","San Diego County, California","63319","5274","55423","13451","38937","21470"
"0500000US06077","San Joaquin County, California","64829","8659","63319","17814","77442","64758"
"0500000US06079","San Luis Obispo County, California","100776","22723","110469","21208","110763","52790"
"0500000US06083","Santa Barbara County, California","84459","22305","68762","6875","31639","35653"
"0500000US06085","Santa Clara County, California","78533","13017","80662","21148","48517","29619"
"0500000US06089","Shasta County, California","46399","19749","47201","37077","36192","12558"
"0500000US06095","Solano County, California","56385","9215","56588","12345","60092","21122"
"0500000US06099","Stanislaus County, California","45340","7332","51480","17312","26000","23593"
"0500000US06101","Sutter County, California","61532","44327","91204","31288","91867","74261"
"0500000US06107","Tulare County, California","44633","9161","35410","13838","32570","15845"
"0500000US06111","Ventura County, California","86723","13093","62354","17602","37140","34689"
"0500000US06115","Yuba County, California","51380","37996","52057","7241","50378","30283"
"0500000US08001","Adams County, Colorado","57856","11236","43466","11936","41016","23181"
"0500000US08005","Arapahoe County, Colorado","68937","15011","59375","16365","39656","23179"
"0500000US08031","Denver County, Colorado","44294","5668","41687","24046","24963","12507"
"0500000US08035","Douglas County, Colorado","108413","48491","105029","85512","140386","56878"
"0500000US08041","El Paso County, Colorado","70618","15615","54728","27533","43800","19566"
"0500000US08059","Jefferson County, Colorado","71436","18440","59190","26303","57915","37006"
"0500000US08069","Larimer County, Colorado","70565","21136","61958","31148","61008","14865"
"0500000US08077","Mesa County, Colorado","52377","73492","97829","24697","24325","29173"
"0500000US09001","Fairfield County, Connecticut","69480","15884","36982","14659","32487","40451"
"0500000US09003","Hartford County, Connecticut","57965","11707","34557","12652","29929","14934"
"0500000US09007","Middlesex County, Connecticut","81153","4388","81294","11380","80828","18180"
"0500000US09009","New Haven County, Connecticut","59310","17561","46204","7543","25250","25455"
"0500000US09015","Windham County, Connecticut","69917","33527","51467","41849","50878","14309"
"0500000US10001","Kent County, Delaware","51439","37836","51580","44395","32145","13246"
"0500000US10003","New Castle County, Delaware","72972","18346","52626","16217","40013","8582"
"0500000US10005","Sussex County, Delaware","38857","9670","32471","33043","30563","12190"
"0500000US11001","District of Columbia, District of Columbia","44746","15447","36695","15123","21581","16577"
"0500000US12001","Alachua County, Florida","25744","5480","23891","9318","21711","30359"
"0500000US12005","Bay County, Florida","50536","12458","46832","11099","45854","17054"
"0500000US12009","Brevard County, Florida","54791","9141","53946","9878","29238","34699"
"0500000US12011","Broward County, Florida","51048","6704","40044","9998","24986","20964"
"0500000US12021","Collier County, Florida","44877","12001","50853","19182","57750","65062"
"0500000US12023","Columbia County, Florida","52393","31565","51679","16486","-","**"
"0500000US12031","Duval County, Florida","61044","3742","56910","14837","56545","15018"
"0500000US12033","Escambia County, Florida","49725","26133","43493","10429","47818","19443"
"0500000US12055","Highlands County, Florida","36673","20272","35987","13426","95615","100352"
"0500000US12057","Hillsborough County, Florida","41713","5933","40282","7697","32789","5893"
"0500000US12061","Indian River County, Florida","28110","37155","55986","54257","56611","17704"
"0500000US12071","Lee County, Florida","46044","20942","40107","7454","29704","15942"
"0500000US12081","Manatee County, Florida","51048","16095","50074","32053","52188","33408"
"0500000US12083","Marion County, Florida","45510","15460","39124","26126","42113","42899"
"0500000US12085","Martin County, Florida","41458","23240","34484","16708","33016","28233"
"0500000US12086","Miami-Dade County, Florida","47098","4220","32499","3242","24929","6080"
"0500000US12087","Monroe County, Florida","77317","145050","-","**","-","**"
"0500000US12089","Nassau County, Florida","64375","55018","64021","56860","81063","80227"
"0500000US12091","Okaloosa County, Florida","45391","21033","34271","11885","46224","49357"
"0500000US12095","Orange County, Florida","39683","6611","34054","6893","31619","27198"
"0500000US12097","Osceola County, Florida","40699","17190","51712","11442","36483","14791"
"0500000US12099","Palm Beach County, Florida","48695","9488","39331","8645","34470","16981"
"0500000US12101","Pasco County, Florida","44495","18190","39750","18502","33277","17329"
"0500000US12103","Pinellas County, Florida","43979","9950","31947","12462","18111","7339"
"0500000US12105","Polk County, Florida","44836","7270","38350","7077","40672","9464"
"0500000US12107","Putnam County, Florida","33714","10775","24460","17780","21484","2128"
"0500000US12109","St. Johns County, Florida","58306","15091","51238","20666","25864","14004"
"0500000US12113","Santa Rosa County, Florida","56212","26738","57256","49619","-","**"
"0500000US12115","Sarasota County, Florida","53846","37164","34180","41531","20000","12521"
"0500000US12117","Seminole County, Florida","72570","35479","72999","40596","35160","6029"
"0500000US12119","Sumter County, Florida","27411","19990","35660","15144","35586","16172"
"0500000US12127","Volusia County, Florida","38817","4449","32362","7636","35495","17970"
"0500000US13013","Barrow County, Georgia","30859","30680","29237","3147","16498","5928"
"0500000US13021","Bibb County, Georgia","29417","13851","23113","8146","38438","30262"
"0500000US13031","Bulloch County, Georgia","25166","5070","25371","2644","19135","32068"
"0500000US13045","Carroll County, Georgia","40099","4657","40419","2397","41718","43883"
"0500000US13051","Chatham County, Georgia","41595","11177","41856","18235","50575","2530"
"0500000US13059","Clarke County, Georgia","44283","23219","44433","22865","35333","45898"
"0500000US13063","Clayton County, Georgia","39290","26895","33280","12130","24392","20033"
"0500000US13073","Columbia County, Georgia","88291","16064","88799","12341","88543","16766"
"0500000US13077","Coweta County, Georgia","47896","21399","72316","17818","46772","49599"
"0500000US13089","DeKalb County, Georgia","47417","4953","45498","9283","45762","8224"
"0500000US13095","Dougherty County, Georgia","44055","12250","44284","25350","49871","42486"
"0500000US13097","Douglas County, Georgia","57899","32916","50288","44254","25865","19548"
"0500000US13113","Fayette County, Georgia","84643","14700","84661","45319","82969","44476"
"0500000US13115","Floyd County, Georgia","47628","10896","40708","27089","29599","11223"
"0500000US13121","Fulton County, Georgia","37959","8246","30904","13772","11781","6068"
"0500000US13127","Glynn County, Georgia","44167","20370","43432","27678","24410","18591"
"0500000US13135","Gwinnett County, Georgia","53531","9204","44886","23799","72593","57077"
"0500000US13139","Hall County, Georgia","76717","11954","72475","34303","63304","50386"
"0500000US13151","Henry County, Georgia","48326","13345","51750","71776","31274","2130"
"0500000US13153","Houston County, Georgia","72657","15408","74441","15316","76339","55848"
"0500000US13185","Lowndes County, Georgia","51004","5442","46350","24100","60313","52528"
"0500000US13215","Muscogee County, Georgia","48682","17642","36649","27844","23702","6516"
"0500000US13217","Newton County, Georgia","61426","20582","62878","32109","41123","48957"
"0500000US13223","Paulding County, Georgia","54451","66504","77969","65419","79703","46177"
"0500000US13285","Troup County, Georgia","24188","18625","16897","13169","24016","13571"
"0500000US13295","Walker County, Georgia","38869","4096","39059","3260","41726","18315"
"0500000US13297","Walton County, Georgia","60825","16389","68010","25540","69082","55747"
"0500000US15003","Honolulu County, Hawaii","108702","9474","90457","15225","98818","36951"
"0500000US15007","Kauai County, Hawaii","98074","18372","91007","7574","62181","53840"
"0500000US15009","Maui County, Hawaii","76167","17075","81263","31890","80909","46011"
"0500000US16001","Ada County, Idaho","76483","5787","76881","19649","73696","87307"
"0500000US16027","Canyon County, Idaho","58993","10931","57919","13193","58148","14573"
"0500000US16055","Kootenai County, Idaho","47443","24823","56640","29933","-","**"
"0500000US16083","Twin Falls County, Idaho","70744","25785","71560","39678","70475","97265"
"0500000US17031","Cook County, Illinois","49484","4257","43330","5700","23170","5525"
"0500000US17037","DeKalb County, Illinois","83548","27373","83504","52128","131738","51230"
"0500000US17043","DuPage County, Illinois","79018","5255","77905","23583","91185","50178"
"0500000US17089","Kane County, Illinois","53787","24810","49611","46339","83106","38409"
"0500000US17091","Kankakee County, Illinois","65097","18065","66821","50756","54364","38114"
"0500000US17093","Kendall County, Illinois","173028","101954","248535","592","-","**"
"0500000US17097","Lake County, Illinois","68275","13197","60401","12126","60991","28783"
"0500000US17099","LaSalle County, Illinois","52014","26561","50764","17946","26735","38722"
"0500000US17113","McLean County, Illinois","77542","31798","50685","13557","52850","11623"
"0500000US17119","Madison County, Illinois","54493","26622","52188","34198","16884","21423"
"0500000US17161","Rock Island County, Illinois","68160","27462","82337","37677","69063","48322"
"0500000US17179","Tazewell County, Illinois","51358","29190","35698","38633","24268","16908"
"0500000US17197","Will County, Illinois","83680","11131","72472","20793","26107","28038"
"0500000US17201","Winnebago County, Illinois","47083","10291","47391","14035","48448","16687"
"0500000US18003","Allen County, Indiana","43030","9246","32672","15354","25719","24929"
"0500000US18005","Bartholomew County, Indiana","62522","16365","57651","29007","62666","35466"
"0500000US18019","Clark County, Indiana","58518","15798","59311","32321","51834","22908"
"0500000US18035","Delaware County, Indiana","40813","35336","63239","28395","38460","15509"
"0500000US18039","Elkhart County, Indiana","44227","7993","43184","18388","37610","52352"
"0500000US18053","Grant County, Indiana","36358","39133","27493","17589","35761","17246"
"0500000US18057","Hamilton County, Indiana","96977","49282","95566","41377","31176","18193"
"0500000US18063","Hendricks County, Indiana","115138","90364","116710","47427","-","**"
"0500000US18085","Kosciusko County, Indiana","69222","33004","93095","55655","81629","91850"
"0500000US18089","Lake County, Indiana","46071","11642","35426","8913","24663","10898"
"0500000US18095","Madison County, Indiana","56535","12039","49013","35411","38036","33908"
"0500000US18097","Marion County, Indiana","43503","5703","40218","10811","32384","9543"
"0500000US18109","Morgan County, Indiana","33449","26672","32753","9058","26895","3762"
"0500000US18127","Porter County, Indiana","76875","12953","76788","10283","53393","93498"
"0500000US18141","St. Joseph County, Indiana","40895","10795","34158","4292","23686","7953"
"0500000US18163","Vanderburgh County, Indiana","63360","15695","66667","36630","20213","17635"
"0500000US18167","Vigo County, Indiana","34443","12062","26883","17077","26804","10522"
"0500000US19013","Black Hawk County, Iowa","61680","23902","60508","37385","39438","5901"
"0500000US19061","Dubuque County, Iowa","64846","32202","74128","18231","85283","34172"
"0500000US19103","Johnson County, Iowa","-","**","-","**","-","**"
"0500000US19113","Linn County, Iowa","64886","27542","51613","16085","80696","42483"
"0500000US19153","Polk County, Iowa","55343","6047","52627","35470","52469","30386"
"0500000US19155","Pottawattamie County, Iowa","62845","35845","60868","21999","44152","51071"
"0500000US19163","Scott County, Iowa","61378","8671","61250","8172","116094","56462"
"0500000US20015","Butler County, Kansas","68265","22241","40972","34774","82583","22274"
"0500000US20091","Johnson County, Kansas","86750","26553","77534","33529","89340","59937"
"0500000US20103","Leavenworth County, Kansas","86563","39821","98601","30121","68591","675"
"0500000US20161","Riley County, Kansas","79139","5023","74167","15987","74167","15987"
"0500000US20173","Sedgwick County, Kansas","58947","21418","51328","27742","34840","8641"
"0500000US20209","Wyandotte County, Kansas","41250","13117","51943","36079","50726","21154"
"0500000US21029","Bullitt County, Kentucky","75739","29847","71583","22830","54531","12114"
"0500000US21037","Campbell County, Kentucky","55821","8026","52439","24568","33750","15748"
"0500000US21059","Daviess County, Kentucky","45525","29822","72203","54781","70254","51674"
"0500000US21067","Fayette County, Kentucky","48750","17521","48321","23208","39306","17054"
"0500000US21093","Hardin County, Kentucky","29286","27287","22162","16178","19583","9801"
"0500000US21111","Jefferson County, Kentucky","46642","9634","35417","11304","39970","17886"
"0500000US21117","Kenton County, Kentucky","47775","13896","41963","10958","26540","4444"
"0500000US21195","Pike County, Kentucky","32911","20355","28974","18203","10149","11697"
"0500000US21227","Warren County, Kentucky","79437","27232","58602","39197","58708","69451"
"0500000US22005","Ascension Parish, Louisiana","61771","8957","61234","9061","62012","7919"
"0500000US22015","Bossier Parish, Louisiana","56167","24854","43170","14868","35350","16949"
"0500000US22017","Caddo Parish, Louisiana","41183","5003","40853","6687","37720","12238"
"0500000US22019","Calcasieu Parish, Louisiana","65348","7141","63249","14050","65129","57270"
"0500000US22033","East Baton Rouge Parish, Louisiana","46074","15813","35571","19505","12962","12151"
"0500000US22051","Jefferson Parish, Louisiana","57921","18558","50000","22890","38958","7353"
"0500000US22055","Lafayette Parish, Louisiana","45519","8201","45275","16091","16696","21664"
"0500000US22057","Lafourche Parish, Louisiana","37158","22460","35181","12391","25688","27862"
"0500000US22063","Livingston Parish, Louisiana","87742","82721","88823","41834","89026","56665"
"0500000US22071","Orleans Parish, Louisiana","33232","10627","26643","10710","12222","14717"
"0500000US22073","Ouachita Parish, Louisiana","29885","18859","32110","27758","12083","8867"
"0500000US22079","Rapides Parish, Louisiana","53843","9427","47804","24234","47821","49648"
"0500000US22103","St. Tammany Parish, Louisiana","36862","20107","33263","5858","29422","30600"
"0500000US22105","Tangipahoa Parish, Louisiana","46667","15005","33012","13341","33524","13680"
"0500000US23001","Androscoggin County, Maine","56142","13853","56670","30679","-","**"
"0500000US23003","Aroostook County, Maine","78269","46746","57212","64551","85921","49745"
"0500000US23019","Penobscot County, Maine","37321","19242","28009","13893","43033","20040"
"0500000US24001","Allegany County, Maryland","50880","39285","46080","21538","28227","28108"
"0500000US24003","Anne Arundel County, Maryland","83425","13867","63936","23942","41634","14772"
"0500000US24005","Baltimore County, Maryland","64990","6053","60321","16141","38894","33312"
"0500000US24009","Calvert County, Maryland","114458","56341","113833","80687","60701","13162"
"0500000US24017","Charles County, Maryland","108422","34648","91506","26231","43279","34741"
"0500000US24021","Frederick County, Maryland","101426","17146","105089","32473","105064","78531"
"0500000US24027","Howard County, Maryland","108750","39015","77132","40311","84075","56538"
"0500000US24031","Montgomery County, Maryland","94979","12688","76848","41713","50927","21934"
"0500000US24033","Prince George's County, Maryland","77960","9367","76176","15787","61769","13211"
"0500000US24045","Wicomico County, Maryland","66296","19649","60559","30020","51027","19994"
"0500000US24510","Baltimore city, Maryland","39595","5790","36187","7914","29755","13159"
"0500000US25005","Bristol County, Massachusetts","72131","12578","58514","30255","30610","33599"
"0500000US25009","Essex County, Massachusetts","71547","22770","71630","37299","30475","25380"
"0500000US25011","Franklin County, Massachusetts","63750","21119","57533","29392","66250","22250"
"0500000US25013","Hampden County, Massachusetts","45521","16675","37422","7249","35921","24623"
"0500000US25015","Hampshire County, Massachusetts","71902","29761","97864","75036","48429","48458"
"0500000US25017","Middlesex County, Massachusetts","96717","15893","84457","44771","42799","36654"
"0500000US25025","Suffolk County, Massachusetts","56690","6958","40199","24000","11069","6023"
"0500000US25027","Worcester County, Massachusetts","67447","12283","65607","15697","65043","38890"
"0500000US26005","Allegan County, Michigan","37306","11156","36960","8279","32727","2837"
"0500000US26021","Berrien County, Michigan","43262","20660","40599","12108","57576","36723"
"0500000US26025","Calhoun County, Michigan","55011","15897","56961","36771","55466","37339"
"0500000US26037","Clinton County, Michigan","29728","16801","30561","21639","21786","18097"
"0500000US26045","Eaton County, Michigan","57117","14404","44622","22458","83214","53657"
"0500000US26049","Genesee County, Michigan","57327","9382","56484","15226","44367","11837"
"0500000US26065","Ingham County, Michigan","51047","20300","56292","31761","72604","52737"
"0500000US26073","Isabella County, Michigan","36531","21792","45993","40084","46268","745"
"0500000US26077","Kalamazoo County, Michigan","42780","18491","41571","17468","40489","7154"
"0500000US26081","Kent County, Michigan","50926","8686","54087","14012","38952","42994"
"0500000US26087","Lapeer County, Michigan","71641","28359","59485","23747","-","**"
"0500000US26093","Livingston County, Michigan","89107","18152","69178","25569","53932","18719"
"0500000US26099","Macomb County, Michigan","64090","12384","61464","34128","20259","17040"
"0500000US26111","Midland County, Michigan","43229","34542","32000","37115","52831","17196"
"0500000US26115","Monroe County, Michigan","69680","16722","60225","19089","56012","39026"
"0500000US26121","Muskegon County, Michigan","53571","13984","55488","34415","34861","24989"
"0500000US26125","Oakland County, Michigan","65919","10193","56247","11325","53313","22763"
"0500000US26139","Ottawa County, Michigan","60540","26925","55811","37197","20763","24044"
"0500000US26145","Saginaw County, Michigan","43674","18127","44186","19464","30435","39272"
"0500000US26147","St. Clair County, Michigan","60325","30871","39416","8634","28333","14917"
"0500000US26159","Van Buren County, Michigan","27708","35200","17361","17999","14319","1210"
"0500000US26161","Washtenaw County, Michigan","65372","42213","43152","13296","45550","13433"
"0500000US26163","Wayne County, Michigan","40473","2861","35411","3352","30848","9140"
"0500000US27013","Blue Earth County, Minnesota","39884","43506","68696","741","-","**"
"0500000US27019","Carver County, Minnesota","101554","24124","-","**","-","**"
"0500000US27037","Dakota County, Minnesota","85497","34386","81078","57219","-","**"
"0500000US27053","Hennepin County, Minnesota","52114","26483","43578","23692","68067","43454"
"0500000US27109","Olmsted County, Minnesota","59189","35773","44170","14344","-","**"
"0500000US27137","St. Louis County, Minnesota","71444","31333","40526","43940","38839","23627"
"0500000US27141","Sherburne County, Minnesota","99802","205364","75605","20740","75605","20740"
"0500000US27145","Stearns County, Minnesota","79728","70858","78234","67891","100609","77384"
"0500000US27163","Washington County, Minnesota","75375","25829","76010","19030","75917","790"
"0500000US27171","Wright County, Minnesota","119770","39136","132740","50989","95811","46618"
"0500000US28035","Forrest County, Mississippi","16792","3524","16389","3230","17654","2762"
"0500000US28047","Harrison County, Mississippi","57056","13933","49069","16195","43008","14960"
"0500000US28049","Hinds County, Mississippi","33615","8082","27334","9999","31411","9332"
"0500000US28075","Lauderdale County, Mississippi","33350","18537","37143","11950","36291","16487"
"0500000US28081","Lee County, Mississippi","40058","23655","58246","10531","42151","18230"
"0500000US28089","Madison County, Mississippi","27303","19032","24894","19507","21494","23680"
"0500000US28121","Rankin County, Mississippi","46080","13184","55393","22611","72633","38136"
"0500000US29019","Boone County, Missouri","33648","1060","33603","1246","-","**"
"0500000US29021","Buchanan County, Missouri","41598","22939","25288","16387","40068","19875"
"0500000US29043","Christian County, Missouri","43900","20312","44788","51928","76039","1857"
"0500000US29047","Clay County, Missouri","53189","7127","50113","28967","51075","66464"
"0500000US29071","Franklin County, Missouri","41515","26344","26309","9021","23072","2321"
"0500000US29077","Greene County, Missouri","47766","9884","43242","22898","43476","23896"
"0500000US29095","Jackson County, Missouri","41667","7393","36844","4987","35229","5460"
"0500000US29099","Jefferson County, Missouri","73964","12022","60919","31664","52730","40024"
"0500000US29187","St. Francois County, Missouri","19297","19974","30813","25366","30972","3076"
"0500000US29189","St. Louis County, Missouri","64384","7545","55124","9083","31000","13500"
"0500000US29510","St. Louis city, Missouri","40771","14400","33243","17216","35069","16719"
"0500000US30029","Flathead County, Montana","43393","11684","41824","18702","49671","42547"
"0500000US31055","Douglas County, Nebraska","69346","14817","36368","16683","20670","9561"
"0500000US31109","Lancaster County, Nebraska","44322","38354","39339","39103","62434","42192"
"0500000US32003","Clark County, Nevada","53006","6835","41291","4440","26118","6202"
"0500000US32031","Washoe County, Nevada","52817","7434","42466","44779","83136","53444"
"0500000US33005","Cheshire County, New Hampshire","59770","24892","95833","49610","103083","123647"
"0500000US33013","Merrimack County, New Hampshire","79021","19568","59458","28746","55145","18785"
"0500000US34001","Atlantic County, New Jersey","69904","28679","50384","19611","7632","2088"
"0500000US34003","Bergen County, New Jersey","110018","36981","96916","62407","71706","58717"
"0500000US34005","Burlington County, New Jersey","69693","21919","53913","16392","68982","35166"
"0500000US34007","Camden County, New Jersey","73956","14099","52067","24122","22054","12739"
"0500000US34009","Cape May County, New Jersey","56027","18183","28564","11837","28770","8344"
"0500000US34011","Cumberland County, New Jersey","58044","22883","65284","15194","39482","23834"
"0500000US34013","Essex County, New Jersey","48618","6194","42373","13301","29339","11715"
"0500000US34015","Gloucester County, New Jersey","68516","16472","58884","15654","104038","60151"
"0500000US34021","Mercer County, New Jersey","65093","5545","44288","24787","58942","28154"
"0500000US34023","Middlesex County, New Jersey","86213","14839","66268","20047","14290","13655"
"0500000US34025","Monmouth County, New Jersey","85190","14913","69228","24074","48955","22035"
"0500000US34027","Morris County, New Jersey","116014","28088","106651","66986","56857","34939"
"0500000US34029","Ocean County, New Jersey","81843","8789","67985","20240","58980","24834"
"0500000US34033","Salem County, New Jersey","42850","63323","29207","35626","28630","10546"
"0500000US34035","Somerset County, New Jersey","77222","51937","75926","65428","18844","17884"
"0500000US34039","Union County, New Jersey","50475","10018","51101","13445","29421","24952"
"0500000US34041","Warren County, New Jersey","91682","35922","95614","30905","-","**"
"0500000US35001","Bernalillo County, New Mexico","53842","5161","47954","17630","47786","27815"
"0500000US35005","Chaves County, New Mexico","43670","10151","39781","14888","32589","35528"
"0500000US35013","Do?a Ana County, New Mexico","41786","13437","43343","20515","60375","66202"
"0500000US35043","Sandoval County, New Mexico","61802","10323","61475","10806","93542","66225"
"0500000US35049","Santa Fe County, New Mexico","62552","34693","46507","28619","41419","8339"
"0500000US35061","Valencia County, New Mexico","66726","21943","66464","24287","33281","8714"
"0500000US36005","Bronx County, New York","36278","5710","27482","5718","17198","4374"
"0500000US36009","Cattaraugus County, New York","44808","19486","37120","13435","44231","1706"
"0500000US36013","Chautauqua County, New York","41845","9201","32940","18852","26016","15340"
"0500000US36015","Chemung County, New York","66719","42464","65080","29724","50261","30997"
"0500000US36027","Dutchess County, New York","83319","20294","56364","22056","130272","156640"
"0500000US36029","Erie County, New York","54817","13857","37404","13469","26005","7580"
"0500000US36047","Kings County, New York","49882","3772","43638","8385","29709","7637"
"0500000US36053","Madison County, New York","73968","14877","72837","47823","73155","65345"
"0500000US36055","Monroe County, New York","44579","6886","39922","7186","17058","18374"
"0500000US36059","Nassau County, New York","100876","16271","68605","5327","68546","22203"
"0500000US36061","New York County, New York","37441","5580","35572","7828","13715","18860"
"0500000US36063","Niagara County, New York","40136","13826","34464","30415","22813","16482"
"0500000US36065","Oneida County, New York","43107","17948","27125","10514","17108","15334"
"0500000US36067","Onondaga County, New York","51858","9447","51795","11190","23333","17416"
"0500000US36071","Orange County, New York","94941","32762","110943","86559","82539","90441"
"0500000US36075","Oswego County, New York","58607","15261","44375","25689","43897","14151"
"0500000US36081","Queens County, New York","68220","5535","59826","9211","30432","18428"
"0500000US36083","Rensselaer County, New York","57305","76734","56826","48784","250,000+","***"
"0500000US36093","Schenectady County, New York","55938","23632","37363","21354","30690","42640"
"0500000US36101","Steuben County, New York","50213","38349","31196","17995","38510","53020"
"0500000US36103","Suffolk County, New York","103329","7093","65429","12583","34524","50817"
"0500000US36109","Tompkins County, New York","57911","20940","46177","7396","-","**"
"0500000US36117","Wayne County, New York","68430","25263","34898","37473","30440","22231"
"0500000US36119","Westchester County, New York","76017","12684","63658","8458","63261","47649"
"0500000US37001","Alamance County, North Carolina","45284","15008","34257","11199","31746","18983"
"0500000US37023","Burke County, North Carolina","26458","25494","30086","26128","33438","28185"
"0500000US37025","Cabarrus County, North Carolina","37246","8234","36542","5594","22380","18995"
"0500000US37031","Carteret County, North Carolina","23324","9012","20370","10004","15833","16328"
"0500000US37035","Catawba County, North Carolina","53117","27378","31104","17380","16128","15973"
"0500000US37051","Cumberland County, North Carolina","49248","2881","42214","18585","26836","31444"
"0500000US37057","Davidson County, North Carolina","54155","24954","44403","10237","39817","33404"
"0500000US37063","Durham County, North Carolina","54844","11986","52132","11147","37172","44880"
"0500000US37067","Forsyth County, North Carolina","43386","9312","40925","25746","47097","17840"
"0500000US37071","Gaston County, North Carolina","47057","18921","36283","18888","35200","19197"
"0500000US37081","Guilford County, North Carolina","42356","9803","39557","20886","50963","15284"
"0500000US37085","Harnett County, North Carolina","27134","22985","26831","9952","26337","23183"
"0500000US37101","Johnston County, North Carolina","80376","29536","49652","39281","31420","10415"
"0500000US37119","Mecklenburg County, North Carolina","44669","6924","27480","17653","21603","13874"
"0500000US37125","Moore County, North Carolina","34028","28182","33102","13048","18514","11455"
"0500000US37127","Nash County, North Carolina","42651","8303","43056","4486","42731","18742"
"0500000US37129","New Hanover County, North Carolina","36657","16178","35751","5899","9623","11609"
"0500000US37147","Pitt County, North Carolina","35258","9776","32552","16115","19943","15014"
"0500000US37155","Robeson County, North Carolina","32211","7551","35490","8263","30632","9011"
"0500000US37157","Rockingham County, North Carolina","29179","30014","24114","8576","23428","2774"
"0500000US37159","Rowan County, North Carolina","36626","11479","31699","13474","25125","24362"
"0500000US37161","Rutherford County, North Carolina","37174","2702","38266","22167","50306","27228"
"0500000US37171","Surry County, North Carolina","50426","39452","75526","41882","36994","30359"
"0500000US37179","Union County, North Carolina","70149","42732","70965","56555","57361","20084"
"0500000US37183","Wake County, North Carolina","60426","8078","53581","12938","22204","22512"
"0500000US37191","Wayne County, North Carolina","25427","8685","21733","5940","21155","7221"
"0500000US37193","Wilkes County, North Carolina","30886","18766","30791","19331","17698","11899"
"0500000US37195","Wilson County, North Carolina","35345","32471","65528","38711","53622","69723"
"0500000US38015","Burleigh County, North Dakota","142993","39145","150579","68661","152012","167224"
"0500000US38017","Cass County, North Dakota","155207","161799","155807","37693","-","**"
"0500000US38035","Grand Forks County, North Dakota","110926","47622","73772","20397","73460","21333"
"0500000US39007","Ashtabula County, Ohio","28255","16882","29141","25729","43266","28641"
"0500000US39013","Belmont County, Ohio","44138","24424","39028","35736","30167","13524"
"0500000US39017","Butler County, Ohio","50652","11362","34974","13738","27028","11280"
"0500000US39023","Clark County, Ohio","44286","25315","61186","55888","27083","13026"
"0500000US39025","Clermont County, Ohio","65137","13085","55144","21108","49288","25105"
"0500000US39035","Cuyahoga County, Ohio","43445","2388","41667","4516","32670","9939"
"0500000US39041","Delaware County, Ohio","101114","27553","92442","37134","235204","273639"
"0500000US39043","Erie County, Ohio","50798","23112","50346","38774","70297","72977"
"0500000US39045","Fairfield County, Ohio","81716","8327","82338","14037","85919","43885"
"0500000US39049","Franklin County, Ohio","47562","7477","43710","7281","40167","8676"
"0500000US39055","Geauga County, Ohio","49125","44298","81250","101250","22775","10656"
"0500000US39057","Greene County, Ohio","40504","11730","33582","10643","22891","25240"
"0500000US39061","Hamilton County, Ohio","46603","9335","40168","14050","19314","9340"
"0500000US39063","Hancock County, Ohio","62134","27595","61784","25527","61326","280"
"0500000US39081","Jefferson County, Ohio","41250","31174","40413","47302","27137","16281"
"0500000US39085","Lake County, Ohio","63716","14492","58658","14130","34354","37359"
"0500000US39089","Licking County, Ohio","68493","31538","61012","57660","43553","26356"
"0500000US39093","Lorain County, Ohio","43991","5604","29507","23658","19029","1790"
"0500000US39095","Lucas County, Ohio","52532","19395","31788","17302","16268","15223"
"0500000US39099","Mahoning County, Ohio","40558","11391","40043","24552","20581","9079"
"0500000US39101","Marion County, Ohio","84074","30025","84887","33146","96499","15378"
"0500000US39103","Medina County, Ohio","97122","15019","107996","17083","96344","69235"
"0500000US39109","Miami County, Ohio","71239","19748","88201","31916","33576","26977"
"0500000US39113","Montgomery County, Ohio","46915","3140","48986","8749","40481","13303"
"0500000US39119","Muskingum County, Ohio","29750","21828","26841","9211","19832","16078"
"0500000US39133","Portage County, Ohio","67656","19488","58078","29326","57721","35614"
"0500000US39145","Scioto County, Ohio","50067","8517","50534","7561","41951","11878"
"0500000US39151","Stark County, Ohio","60956","3904","55345","16419","40565","21283"
"0500000US39153","Summit County, Ohio","59125","12884","58966","13439","51780","29400"
"0500000US39155","Trumbull County, Ohio","36174","13908","20815","11912","17484","23283"
"0500000US39157","Tuscarawas County, Ohio","42981","19366","24600","25068","30903","25491"
"0500000US39165","Warren County, Ohio","63828","21651","61310","19046","49268","63284"
"0500000US39169","Wayne County, Ohio","54603","20059","34893","35079","46006","25285"
"0500000US40017","Canadian County, Oklahoma","61375","15430","51987","14157","55072","59186"
"0500000US40027","Cleveland County, Oklahoma","71306","13292","66034","33902","40331","9761"
"0500000US40031","Comanche County, Oklahoma","67566","27654","47632","29249","44961","52344"
"0500000US40037","Creek County, Oklahoma","42933","13385","36034","14361","29709","12219"
"0500000US40101","Muskogee County, Oklahoma","37406","20091","30871","10573","28261","41221"
"0500000US40109","Oklahoma County, Oklahoma","36490","10485","32527","7944","17222","11454"
"0500000US40119","Payne County, Oklahoma","37904","10410","37537","38071","38493","23997"
"0500000US40131","Rogers County, Oklahoma","59932","16326","60765","13384","95806","23357"
"0500000US40143","Tulsa County, Oklahoma","44168","5558","41397","6712","31648","5750"
"0500000US40145","Wagoner County, Oklahoma","63750","11623","53380","39164","24265","18013"
"0500000US41005","Clackamas County, Oregon","71571","9071","85224","15116","47484","9454"
"0500000US41017","Deschutes County, Oregon","41704","59736","41247","17088","41220","9696"
"0500000US41019","Douglas County, Oregon","42093","14641","46928","18790","55344","17179"
"0500000US41029","Jackson County, Oregon","42037","13018","45105","12364","46994","26162"
"0500000US41035","Klamath County, Oregon","51326","14905","51814","16647","50762","34100"
"0500000US41039","Lane County, Oregon","63547","7659","60272","8840","41979","29580"
"0500000US41047","Marion County, Oregon","60514","19238","39628","12037","25745","34131"
"0500000US41051","Multnomah County, Oregon","56611","18842","34517","22049","30722","39198"
"0500000US41053","Polk County, Oregon","116475","62413","116309","62488","-","**"
"0500000US41067","Washington County, Oregon","65482","8088","64122","35956","107403","62481"
"0500000US41071","Yamhill County, Oregon","46205","19263","33780","38090","53159","27409"
"0500000US42001","Adams County, Pennsylvania","75513","34743","86694","22788","-","**"
"0500000US42003","Allegheny County, Pennsylvania","52958","6325","51386","8377","48596","12696"
"0500000US42007","Beaver County, Pennsylvania","69030","17660","72518","40427","33681","9876"
"0500000US42013","Blair County, Pennsylvania","59106","1898","59860","6456","42196","71106"
"0500000US42017","Bucks County, Pennsylvania","71338","16541","69812","13322","58576","47517"
"0500000US42019","Butler County, Pennsylvania","69707","36628","59975","43039","69390","63633"
"0500000US42025","Carbon County, Pennsylvania","95567","24142","64363","61502","95714","45828"
"0500000US42033","Clearfield County, Pennsylvania","53083","3784","47656","15570","47813","17349"
"0500000US42037","Columbia County, Pennsylvania","36397","30928","31277","971","28654","25160"
"0500000US42039","Crawford County, Pennsylvania","45833","23248","44271","38690","42535","29632"
"0500000US42041","Cumberland County, Pennsylvania","51214","15549","51301","12830","68415","40162"
"0500000US42043","Dauphin County, Pennsylvania","59157","7101","62670","15699","68025","32330"
"0500000US42045","Delaware County, Pennsylvania","57429","8040","49097","17371","58355","47483"
"0500000US42049","Erie County, Pennsylvania","68833","13648","58668","14907","24422","6550"
"0500000US42051","Fayette County, Pennsylvania","48295","19418","47639","30693","26824","22225"
"0500000US42055","Franklin County, Pennsylvania","67917","28838","68198","23499","71007","111921"
"0500000US42063","Indiana County, Pennsylvania","41228","13020","40395","28982","35000","39773"
"0500000US42071","Lancaster County, Pennsylvania","60970","22470","47105","12447","45938","20539"
"0500000US42073","Lawrence County, Pennsylvania","51480","22036","36048","23398","49700","48123"
"0500000US42075","Lebanon County, Pennsylvania","59494","11834","52813","41183","73086","57451"
"0500000US42077","Lehigh County, Pennsylvania","61712","10794","65157","10148","58074","62562"
"0500000US42079","Luzerne County, Pennsylvania","43157","11019","40489","18205","31272","14792"
"0500000US42081","Lycoming County, Pennsylvania","45163","16856","33774","2413","33618","1571"
"0500000US42085","Mercer County, Pennsylvania","55194","8608","49265","18595","32036","30985"
"0500000US42089","Monroe County, Pennsylvania","65916","51182","93125","29623","91937","103026"
"0500000US42091","Montgomery County, Pennsylvania","89484","7179","65206","15361","26628","10025"
"0500000US42101","Philadelphia County, Pennsylvania","39105","4019","37840","6840","21227","6880"
"0500000US42107","Schuylkill County, Pennsylvania","38819","22544","23848","25174","23655","21640"
"0500000US42111","Somerset County, Pennsylvania","55976","19069","63318","5039","63236","9232"
"0500000US42125","Washington County, Pennsylvania","59232","21972","59527","23042","58214","42917"
"0500000US42129","Westmoreland County, Pennsylvania","61311","17118","56888","13444","55219","6612"
"0500000US42133","York County, Pennsylvania","50523","9786","50211","14581","45643","7673"
"0500000US44003","Kent County, Rhode Island","71827","28522","58629","28399","44817","44740"
"0500000US44005","Newport County, Rhode Island","103878","63790","78885","59209","103109","108331"
"0500000US45007","Anderson County, South Carolina","45755","9581","45037","12258","45617","11499"
"0500000US45013","Beaufort County, South Carolina","61418","39944","77500","50922","112955","30677"
"0500000US45015","Berkeley County, South Carolina","66002","25478","65825","27728","80616","56844"
"0500000US45019","Charleston County, South Carolina","27376","7158","25625","10274","24481","17565"
"0500000US45041","Florence County, South Carolina","47440","14937","50994","22802","68782","64176"
"0500000US45047","Greenwood County, South Carolina","50405","15609","44090","9862","42748","42271"
"0500000US45051","Horry County, South Carolina","44546","4927","44615","5935","42815","21223"
"0500000US45057","Lancaster County, South Carolina","32772","27829","34840","32829","2,500-","***"
"0500000US45059","Laurens County, South Carolina","39700","23009","55402","59424","68628","42578"
"0500000US45063","Lexington County, South Carolina","44470","11842","44034","12270","42500","26840"
"0500000US45073","Oconee County, South Carolina","35000","10570","33242","17430","32676","23341"
"0500000US45075","Orangeburg County, South Carolina","43087","15687","48285","13417","27118","45471"
"0500000US45079","Richland County, South Carolina","37902","20457","55795","32416","52105","45961"
"0500000US45083","Spartanburg County, South Carolina","33646","11853","26105","10674","22486","3666"
"0500000US45085","Sumter County, South Carolina","46020","16881","54692","23649","39898","43222"
"0500000US45091","York County, South Carolina","68594","31505","100335","57134","62756","37958"
"0500000US46099","Minnehaha County, South Dakota","38194","44533","22500","6862","20637","32279"
"0500000US47009","Blount County, Tennessee","49375","24535","35885","31777","50195","21274"
"0500000US47011","Bradley County, Tennessee","40698","10785","28825","14562","24288","21257"
"0500000US47037","Davidson County, Tennessee","48629","5345","50787","7098","28864","26760"
"0500000US47059","Greene County, Tennessee","20919","11713","12500","17857","28216","12811"
"0500000US47065","Hamilton County, Tennessee","58455","8670","50086","12401","37150","26306"
"0500000US47093","Knox County, Tennessee","39896","12459","37159","13311","35239","19449"
"0500000US47113","Madison County, Tennessee","46989","13843","44775","6646","27147","2160"
"0500000US47119","Maury County, Tennessee","41018","17027","41302","28398","44315","37363"
"0500000US47125","Montgomery County, Tennessee","53017","21804","51875","54599","86051","74509"
"0500000US47147","Robertson County, Tennessee","71370","18982","54192","25654","21821","28904"
"0500000US47149","Rutherford County, Tennessee","58241","10929","54237","11731","38587","34946"
"0500000US47157","Shelby County, Tennessee","47197","5904","39756","9694","38941","10081"
"0500000US47165","Sumner County, Tennessee","57191","7390","55719","7588","55679","25033"
"0500000US47179","Washington County, Tennessee","40179","17161","33644","35706","23112","15254"
"0500000US47189","Wilson County, Tennessee","35938","20914","34905","19031","33240","27172"
"0500000US48005","Angelina County, Texas","66715","30648","93122","63654","93986","45319"
"0500000US48021","Bastrop County, Texas","51791","21371","60126","38699","61158","34687"
"0500000US48027","Bell County, Texas","59462","20105","59818","18110","41268","24862"
"0500000US48029","Bexar County, Texas","53199","5425","42329","7572","26364","6749"
"0500000US48037","Bowie County, Texas","49090","7804","55115","36464","20337","12785"
"0500000US48039","Brazoria County, Texas","67829","9050","62684","11902","48945","44321"
"0500000US48041","Brazos County, Texas","51219","18259","35988","31226","35038","26554"
"0500000US48061","Cameron County, Texas","34571","4094","32041","5713","23177","13895"
"0500000US48085","Collin County, Texas","69278","10179","88092","17444","88589","16116"
"0500000US48091","Comal County, Texas","71609","31479","70641","38298","71680","11057"
"0500000US48099","Coryell County, Texas","39216","23397","38835","47018","39868","16166"
"0500000US48113","Dallas County, Texas","47907","5648","40473","5119","20635","5421"
"0500000US48121","Denton County, Texas","72352","23547","68125","37724","50503","22123"
"0500000US48139","Ellis County, Texas","61670","12043","57061","13437","35080","24649"
"0500000US48141","El Paso County, Texas","36911","6296","37454","6880","28729","3442"
"0500000US48157","Fort Bend County, Texas","76495","6479","76115","14285","141672","135301"
"0500000US48167","Galveston County, Texas","54348","10249","52890","13872","45509","44446"
"0500000US48181","Grayson County, Texas","67521","14497","58917","10363","71360","31685"
"0500000US48183","Gregg County, Texas","48450","21834","46518","19031","45952","19674"
"0500000US48201","Harris County, Texas","51126","3459","44795","3547","40903","5548"
"0500000US48209","Hays County, Texas","65673","15365","51530","17905","50911","31507"
"0500000US48213","Henderson County, Texas","55893","29383","58393","39427","37566","23523"
"0500000US48215","Hidalgo County, Texas","38558","8514","33167","15405","16291","13322"
"0500000US48231","Hunt County, Texas","56955","46533","41992","25733","28777","7818"
"0500000US48245","Jefferson County, Texas","56592","16509","70968","19201","65878","46971"
"0500000US48251","Johnson County, Texas","63509","24828","72969","22718","77665","111452"
"0500000US48257","Kaufman County, Texas","45191","14127","43291","17535","23412","32329"
"0500000US48291","Liberty County, Texas","53451","23271","65447","30264","99936","110962"
"0500000US48303","Lubbock County, Texas","43438","7083","48273","17565","27689","20015"
"0500000US48309","McLennan County, Texas","43250","16498","43670","33465","32542","29878"
"0500000US48329","Midland County, Texas","60055","14162","70152","22127","58994","41672"
"0500000US48339","Montgomery County, Texas","64280","14482","63580","19008","29758","37570"
"0500000US48355","Nueces County, Texas","61738","12988","57041","13939","37926","3914"
"0500000US48361","Orange County, Texas","64841","21209","70863","63228","71825","30266"
"0500000US48367","Parker County, Texas","57940","29892","78366","28953","78125","39813"
"0500000US48439","Tarrant County, Texas","56250","5694","53318","11985","38735","20501"
"0500000US48441","Taylor County, Texas","41030","21119","40591","22226","46377","43168"
"0500000US48453","Travis County, Texas","56363","14070","45112","12108","42493","13110"
"0500000US48469","Victoria County, Texas","73338","34140","73503","47672","103344","20805"
"0500000US48471","Walker County, Texas","83472","12616","83472","12616","83723","20177"
"0500000US48479","Webb County, Texas","35008","8584","23864","5471","17832","5416"
"0500000US48485","Wichita County, Texas","51968","15463","55076","27576","52835","48883"
"0500000US48491","Williamson County, Texas","66659","25112","81932","61794","64551","62846"
"0500000US49005","Cache County, Utah","57110","23719","63750","41421","44179","20387"
"0500000US49011","Davis County, Utah","84178","10972","84782","8124","51731","44661"
"0500000US49035","Salt Lake County, Utah","74163","11561","72692","23657","56396","10875"
"0500000US49049","Utah County, Utah","83254","22731","80135","34962","56006","31756"
"0500000US49053","Washington County, Utah","66424","24085","55767","10901","39394","40229"
"0500000US49057","Weber County, Utah","70747","18833","47333","18988","60694","47264"
"0500000US50007","Chittenden County, Vermont","82170","30735","82488","72372","82768","40620"
"0500000US51003","Albemarle County, Virginia","69679","26878","62833","36731","10050","7281"
"0500000US51013","Arlington County, Virginia","130224","56294","110821","89145","-","**"
"0500000US51015","Augusta County, Virginia","33947","12602","34528","15364","-","**"
"0500000US51019","Bedford County, Virginia","67445","42442","51171","15488","-","**"
"0500000US51041","Chesterfield County, Virginia","81762","12300","80902","9905","60764","62323"
"0500000US51059","Fairfax County, Virginia","102976","20356","105705","38234","66722","76716"
"0500000US51061","Fauquier County, Virginia","167545","154327","168760","1765","120893","26556"
"0500000US51087","Henrico County, Virginia","78574","27951","68555","33013","46771","19695"
"0500000US51095","James City County, Virginia","80733","65954","95532","42172","-","**"
"0500000US51107","Loudoun County, Virginia","105043","42153","76532","72775","53453","11590"
"0500000US51153","Prince William County, Virginia","93020","21487","92997","18090","68322","39478"
"0500000US51161","Roanoke County, Virginia","63469","28363","34847","30393","33607","33539"
"0500000US51165","Rockingham County, Virginia","49603","62941","25068","25659","22069","6397"
"0500000US51177","Spotsylvania County, Virginia","76351","16820","77408","31216","97901","22275"
"0500000US51199","York County, Virginia","148121","25281","148485","1213","-","**"
"0500000US51550","Chesapeake city, Virginia","73665","11585","78068","32283","73148","12392"
"0500000US51700","Newport News city, Virginia","47164","9400","36641","16620","24260","22422"
"0500000US51710","Norfolk city, Virginia","44341","13221","40638","14038","26771","14321"
"0500000US51740","Portsmouth city, Virginia","56550","33559","33958","28232","33306","24746"
"0500000US51760","Richmond city, Virginia","40795","10289","50149","34077","44038","48115"
"0500000US51770","Roanoke city, Virginia","42035","11978","49551","2484","48001","19565"
"0500000US51800","Suffolk city, Virginia","41760","46023","38414","17181","40231","38983"
"0500000US51810","Virginia Beach city, Virginia","81920","24985","47180","11081","24740","12102"
"0500000US53009","Clallam County, Washington","56005","8658","48419","14879","37724","43035"
"0500000US53011","Clark County, Washington","66237","13896","47871","7868","45123","4818"
"0500000US53015","Cowlitz County, Washington","59412","28658","48290","22263","29159","40234"
"0500000US53021","Franklin County, Washington","62230","52221","79075","73365","55839","13433"
"0500000US53027","Grays Harbor County, Washington","60435","15675","49459","19338","48834","306"
"0500000US53033","King County, Washington","78768","14595","71890","24561","72490","61385"
"0500000US53035","Kitsap County, Washington","76977","39836","62490","41004","52942","40387"
"0500000US53053","Pierce County, Washington","60944","11273","45255","18348","36667","13860"
"0500000US53057","Skagit County, Washington","76095","16225","105972","34949","83438","17568"
"0500000US53061","Snohomish County, Washington","79863","14900","65316","29485","92591","27109"
"0500000US53063","Spokane County, Washington","44847","23909","42325","8323","36898","5294"
"0500000US53067","Thurston County, Washington","66964","23493","54808","9612","52234","30506"
"0500000US53073","Whatcom County, Washington","58464","12981","54805","31794","19015","11639"
"0500000US54011","Cabell County, West Virginia","56179","29616","56054","20872","57393","38631"
"0500000US54039","Kanawha County, West Virginia","40000","4567","38361","8637","38699","3290"
"0500000US54061","Monongalia County, West Virginia","72740","27178","72973","19503","73319","13294"
"0500000US54081","Raleigh County, West Virginia","45119","11079","45111","10234","-","**"
"0500000US54107","Wood County, West Virginia","43878","8573","42795","28507","53580","15071"
"0500000US55009","Brown County, Wisconsin","57683","31768","35380","34637","28262","23941"
"0500000US55027","Dodge County, Wisconsin","92808","11431","94293","16251","72386","93845"
"0500000US55035","Eau Claire County, Wisconsin","71450","33775","-","**","-","**"
"0500000US55055","Jefferson County, Wisconsin","82303","38001","90694","44192","77143","11074"
"0500000US55071","Manitowoc County, Wisconsin","54198","12229","54835","2382","55760","11686"
"0500000US55079","Milwaukee County, Wisconsin","48446","4660","41111","9585","26503","8865"
"0500000US55089","Ozaukee County, Wisconsin","47258","70389","-","**","-","**"
"0500000US55109","St. Croix County, Wisconsin","57639","50246","54254","2061","-","**"
"0500000US55117","Sheboygan County, Wisconsin","54563","18381","58125","79750","85797","15057"
"0500000US55127","Walworth County, Wisconsin","61024","22466","43779","22048","43089","22592"
"0500000US55133","Waukesha County, Wisconsin","98580","20979","80439","53186","80777","79395"
"0500000US55141","Wood County, Wisconsin","60188","21366","55933","38729","75410","38268"
"0500000US72021","Bayamón Municipio, Puerto Rico","28376","8624","27364","11393","15420","12657"
"0500000US72025","Caguas Municipio, Puerto Rico","32629","14804","25063","18839","14174","7742"
"0500000US72031","Carolina Municipio, Puerto Rico","33141","12974","26239","7282","26612","9424"
"0500000US72061","Guaynabo Municipio, Puerto Rico","28348","10735","33707","26835","-","**"
"0500000US72097","Mayagüez Municipio, Puerto Rico","27077","18747","16348","9338","9309","7729"
"0500000US72113","Ponce Municipio, Puerto Rico","20246","4247","11399","9308","7356","5746"
"0500000US72127","San Juan Municipio, Puerto Rico","27747","6089","21334","8946","15868","16242"
"0500000US72135","Toa Alta Municipio, Puerto Rico","32660","30301","48113","25842","52367","18264"
"0500000US72137","Toa Baja Municipio, Puerto Rico","38162","12096","33750","10123","36078","40987"
"0500000US39173","Wood County, Ohio","null","null","null","null","null","null"
"0500000US12017","Citrus County, Florida","null","null","null","null","null","null"
"0500000US19169","Story County, Iowa","null","null","null","null","null","null"
"0500000US29165","Platte County, Missouri","null","null","null","null","null","null"
"0500000US19049","Dallas County, Iowa","null","null","null","null","null","null"
"0500000US33011","Hillsborough County, New Hampshire","null","null","null","null","null","null"
"0500000US45077","Pickens County, South Carolina","null","null","null","null","null","null"
"0500000US13179","Liberty County, Georgia","null","null","null","null","null","null"
"0500000US13057","Cherokee County, Georgia","null","null","null","null","null","null"
"0500000US51121","Montgomery County, Virginia","null","null","null","null","null","null"
"0500000US27139","Scott County, Minnesota","null","null","null","null","null","null"
"0500000US29031","Cape Girardeau County, Missouri","null","null","null","null","null","null"
"0500000US53025","Grant County, Washington","null","null","null","null","null","null"
"0500000US39141","Ross County, Ohio","null","null","null","null","null","null"
"0500000US37019","Brunswick County, North Carolina","null","null","null","null","null","null"
"0500000US30013","Cascade County, Montana","null","null","null","null","null","null"
"0500000US35045","San Juan County, New Mexico","null","null","null","null","null","null"
"0500000US06075","San Francisco County, California","null","null","null","null","null","null"
"0500000US17019","Champaign County, Illinois","null","null","null","null","null","null"
"0500000US56021","Laramie County, Wyoming","null","null","null","null","null","null"
"0500000US21151","Madison County, Kentucky","null","null","null","null","null","null"
"0500000US55073","Marathon County, Wisconsin","null","null","null","null","null","null"
"0500000US18067","Howard County, Indiana","null","null","null","null","null","null"
"0500000US19193","Woodbury County, Iowa","null","null","null","null","null","null"
"0500000US24037","St. Mary's County, Maryland","null","null","null","null","null","null"
"0500000US48423","Smith County, Texas","null","null","null","null","null","null"
"0500000US20177","Shawnee County, Kansas","null","null","null","null","null","null"
"0500000US17111","McHenry County, Illinois","null","null","null","null","null","null"
"0500000US55105","Rock County, Wisconsin","null","null","null","null","null","null"
"0500000US36001","Albany County, New York","null","null","null","null","null","null"
"0500000US36105","Sullivan County, New York","null","null","null","null","null","null"
"0500000US34019","Hunterdon County, New Jersey","null","null","null","null","null","null"
"0500000US30063","Missoula County, Montana","null","null","null","null","null","null"
"0500000US12073","Leon County, Florida","null","null","null","null","null","null"
"0500000US26155","Shiawassee County, Michigan","null","null","null","null","null","null"
"0500000US37151","Randolph County, North Carolina","null","null","null","null","null","null"
"0500000US26017","Bay County, Michigan","null","null","null","null","null","null"
"0500000US47163","Sullivan County, Tennessee","null","null","null","null","null","null"
"0500000US55039","Fond du Lac County, Wisconsin","null","null","null","null","null","null"
"0500000US42005","Armstrong County, Pennsylvania","null","null","null","null","null","null"
"0500000US35031","McKinley County, New Mexico","null","null","null","null","null","null"
"0500000US29051","Cole County, Missouri","null","null","null","null","null","null"
"0500000US55063","La Crosse County, Wisconsin","null","null","null","null","null","null"
"0500000US37049","Craven County, North Carolina","null","null","null","null","null","null"
"0500000US28059","Jackson County, Mississippi","null","null","null","null","null","null"
"0500000US41003","Benton County, Oregon","null","null","null","null","null","null"
"0500000US46103","Pennington County, South Dakota","null","null","null","null","null","null"
"0500000US16019","Bonneville County, Idaho","null","null","null","null","null","null"
"0500000US54003","Berkeley County, West Virginia","null","null","null","null","null","null"
"0500000US13247","Rockdale County, Georgia","null","null","null","null","null","null"
"0500000US13313","Whitfield County, Georgia","null","null","null","null","null","null"
"0500000US45035","Dorchester County, South Carolina","null","null","null","null","null","null"
"0500000US47141","Putnam County, Tennessee","null","null","null","null","null","null"
"0500000US01121","Talladega County, Alabama","null","null","null","null","null","null"
"0500000US25001","Barnstable County, Massachusetts","null","null","null","null","null","null"
"0500000US15001","Hawaii County, Hawaii","null","null","null","null","null","null"
"0500000US01003","Baldwin County, Alabama","null","null","null","null","null","null"
"0500000US41043","Linn County, Oregon","null","null","null","null","null","null"
"0500000US55025","Dane County, Wisconsin","null","null","null","null","null","null"
"0500000US55139","Winnebago County, Wisconsin","null","null","null","null","null","null"
"0500000US40125","Pottawatomie County, Oklahoma","null","null","null","null","null","null"
"0500000US21047","Christian County, Kentucky","null","null","null","null","null","null"
"0500000US48135","Ector County, Texas","null","null","null","null","null","null"
"0500000US24015","Cecil County, Maryland","null","null","null","null","null","null"
"0500000US36011","Cayuga County, New York","null","null","null","null","null","null"
"0500000US06061","Placer County, California","null","null","null","null","null","null"
"0500000US08013","Boulder County, Colorado","null","null","null","null","null","null"
"0500000US42097","Northumberland County, Pennsylvania","null","null","null","null","null","null"
"0500000US25021","Norfolk County, Massachusetts","null","null","null","null","null","null"
"0500000US24013","Carroll County, Maryland","null","null","null","null","null","null"
"0500000US17001","Adams County, Illinois","null","null","null","null","null","null"
"0500000US36019","Clinton County, New York","null","null","null","null","null","null"
"0500000US28067","Jones County, Mississippi","null","null","null","null","null","null"
"0500000US24043","Washington County, Maryland","null","null","null","null","null","null"
"0500000US72139","Trujillo Alto Municipio, Puerto Rico","null","null","null","null","null","null"
"0500000US33015","Rockingham County, New Hampshire","null","null","null","null","null","null"
"0500000US17163","St. Clair County, Illinois","null","null","null","null","null","null"
"0500000US22045","Iberia Parish, Louisiana","null","null","null","null","null","null"
"0500000US18105","Monroe County, Indiana","null","null","null","null","null","null"
"0500000US06081","San Mateo County, California","null","null","null","null","null","null"
"0500000US12069","Lake County, Florida","null","null","null","null","null","null"
"0500000US06007","Butte County, California","null","null","null","null","null","null"
"0500000US06039","Madera County, California","null","null","null","null","null","null"
"0500000US39139","Richland County, Ohio","null","null","null","null","null","null"
"0500000US17115","Macon County, Illinois","null","null","null","null","null","null"
"0500000US36079","Putnam County, New York","null","null","null","null","null","null"
"0500000US13047","Catoosa County, Georgia","null","null","null","null","null","null"
"0500000US36089","St. Lawrence County, New York","null","null","null","null","null","null"
"0500000US17143","Peoria County, Illinois","null","null","null","null","null","null"
"0500000US30031","Gallatin County, Montana","null","null","null","null","null","null"
"0500000US18157","Tippecanoe County, Indiana","null","null","null","null","null","null"
"0500000US18091","LaPorte County, Indiana","null","null","null","null","null","null"
"0500000US34017","Hudson County, New Jersey","null","null","null","null","null","null"
"0500000US53029","Island County, Washington","null","null","null","null","null","null"
"0500000US48397","Rockwall County, Texas","null","null","null","null","null","null"
"0500000US36113","Warren County, New York","null","null","null","null","null","null"
"0500000US37109","Lincoln County, North Carolina","null","null","null","null","null","null"
"0500000US05051","Garland County, Arkansas","null","null","null","null","null","null"
"0500000US42069","Lackawanna County, Pennsylvania","null","null","null","null","null","null"
"0500000US53007","Chelan County, Washington","null","null","null","null","null","null"
"0500000US47155","Sevier County, Tennessee","null","null","null","null","null","null"
"0500000US44009","Washington County, Rhode Island","null","null","null","null","null","null"
"0500000US37133","Onslow County, North Carolina","null","null","null","null","null","null"
"0500000US12035","Flagler County, Florida","null","null","null","null","null","null"
"0500000US36069","Ontario County, New York","null","null","null","null","null","null"
"0500000US33017","Strafford County, New Hampshire","null","null","null","null","null","null"
"0500000US09013","Tolland County, Connecticut","null","null","null","null","null","null"
"0500000US01095","Marshall County, Alabama","null","null","null","null","null","null"
"0500000US51179","Stafford County, Virginia","null","null","null","null","null","null"
"0500000US12111","St. Lucie County, Florida","null","null","null","null","null","null"
"0500000US53077","Yakima County, Washington","null","null","null","null","null","null"
"0500000US51085","Hanover County, Virginia","null","null","null","null","null","null"
"0500000US37045","Cleveland County, North Carolina","null","null","null","null","null","null"
"0500000US01049","DeKalb County, Alabama","null","null","null","null","null","null"
"0500000US21015","Boone County, Kentucky","null","null","null","null","null","null"
"0500000US51069","Frederick County, Virginia","null","null","null","null","null","null"
"0500000US47187","Williamson County, Tennessee","null","null","null","null","null","null"
"0500000US54033","Harrison County, West Virginia","null","null","null","null","null","null"
"0500000US47001","Anderson County, Tennessee","null","null","null","null","null","null"
"0500000US55087","Outagamie County, Wisconsin","null","null","null","null","null","null"
"0500000US42095","Northampton County, Pennsylvania","null","null","null","null","null","null"
"0500000US24025","Harford County, Maryland","null","null","null","null","null","null"
"0500000US45031","Darlington County, South Carolina","null","null","null","null","null","null"
"0500000US23011","Kennebec County, Maine","null","null","null","null","null","null"
"0500000US29097","Jasper County, Missouri","null","null","null","null","null","null"
"0500000US13245","Richmond County, Georgia","null","null","null","null","null","null"
"0500000US05069","Jefferson County, Arkansas","null","null","null","null","null","null"
"0500000US18059","Hancock County, Indiana","null","null","null","null","null","null"
"0500000US25003","Berkshire County, Massachusetts","null","null","null","null","null","null"
"0500000US51510","Alexandria city, Virginia","null","null","null","null","null","null"
"0500000US26103","Marquette County, Michigan","null","null","null","null","null","null"
"0500000US55101","Racine County, Wisconsin","null","null","null","null","null","null"
"0500000US18081","Johnson County, Indiana","null","null","null","null","null","null"
"0500000US55059","Kenosha County, Wisconsin","null","null","null","null","null","null"
"0500000US12015","Charlotte County, Florida","null","null","null","null","null","null"
"0500000US34037","Sussex County, New Jersey","null","null","null","null","null","null"
"0500000US35025","Lea County, New Mexico","null","null","null","null","null","null"
"0500000US55097","Portage County, Wisconsin","null","null","null","null","null","null"
"0500000US36007","Broome County, New York","null","null","null","null","null","null"
"0500000US37021","Buncombe County, North Carolina","null","null","null","null","null","null"
"0500000US37097","Iredell County, North Carolina","null","null","null","null","null","null"
"0500000US48375","Potter County, Texas","null","null","null","null","null","null"
"0500000US21145","McCracken County, Kentucky","null","null","null","null","null","null"
"0500000US56025","Natrona County, Wyoming","null","null","null","null","null","null"
"0500000US36051","Livingston County, New York","null","null","null","null","null","null"
"0500000US48203","Harrison County, Texas","null","null","null","null","null","null"
"0500000US45045","Greenville County, South Carolina","null","null","null","null","null","null"
"0500000US13015","Bartow County, Georgia","null","null","null","null","null","null"
"0500000US09005","Litchfield County, Connecticut","null","null","null","null","null","null"
"0500000US42021","Cambria County, Pennsylvania","null","null","null","null","null","null"
"0500000US16005","Bannock County, Idaho","null","null","null","null","null","null"
"0500000US06087","Santa Cruz County, California","null","null","null","null","null","null"
"0500000US12019","Clay County, Florida","null","null","null","null","null","null"
"0500000US08101","Pueblo County, Colorado","null","null","null","null","null","null"
"0500000US20045","Douglas County, Kansas","null","null","null","null","null","null"
"0500000US51680","Lynchburg city, Virginia","null","null","null","null","null","null"
"0500000US48347","Nacogdoches County, Texas","null","null","null","null","null","null"
"0500000US22109","Terrebonne Parish, Louisiana","null","null","null","null","null","null"
"0500000US48381","Randall County, Texas","null","null","null","null","null","null"
"0500000US51650","Hampton city, Virginia","null","null","null","null","null","null"
"0500000US06097","Sonoma County, California","null","null","null","null","null","null"
"0500000US23005","Cumberland County, Maine","null","null","null","null","null","null"
"0500000US22097","St. Landry Parish, Louisiana","null","null","null","null","null","null"
"0500000US30111","Yellowstone County, Montana","null","null","null","null","null","null"
"0500000US36087","Rockland County, New York","null","null","null","null","null","null"
"0500000US31153","Sarpy County, Nebraska","null","null","null","null","null","null"
"0500000US37027","Caldwell County, North Carolina","null","null","null","null","null","null"
"0500000US37089","Henderson County, North Carolina","null","null","null","null","null","null"
"0500000US42029","Chester County, Pennsylvania","null","null","null","null","null","null"
"0500000US06113","Yolo County, California","null","null","null","null","null","null"
"0500000US36091","Saratoga County, New York","null","null","null","null","null","null"
"0500000US08123","Weld County, Colorado","null","null","null","null","null","null"
"0500000US53005","Benton County, Washington","null","null","null","null","null","null"
"0500000US25023","Plymouth County, Massachusetts","null","null","null","null","null","null"
"0500000US37037","Chatham County, North Carolina","null","null","null","null","null","null"
"0500000US27003","Anoka County, Minnesota","null","null","null","null","null","null"
"0500000US17183","Vermilion County, Illinois","null","null","null","null","null","null"
"0500000US41059","Umatilla County, Oregon","null","null","null","null","null","null"
"0500000US35035","Otero County, New Mexico","null","null","null","null","null","null"
"0500000US02020","Anchorage Municipality, Alaska","null","null","null","null","null","null"
"0500000US29037","Cass County, Missouri","null","null","null","null","null","null"
"0500000US26075","Jackson County, Michigan","null","null","null","null","null","null"
"0500000US26055","Grand Traverse County, Michigan","null","null","null","null","null","null"
"0500000US41033","Josephine County, Oregon","null","null","null","null","null","null"
"0500000US53041","Lewis County, Washington","null","null","null","null","null","null"
"0500000US17167","Sangamon County, Illinois","null","null","null","null","null","null"
"0500000US18177","Wayne County, Indiana","null","null","null","null","null","null"
"0500000US39003","Allen County, Ohio","null","null","null","null","null","null"
"0500000US42011","Berks County, Pennsylvania","null","null","null","null","null","null"
"0500000US28033","DeSoto County, Mississippi","null","null","null","null","null","null"
"0500000US48451","Tom Green County, Texas","null","null","null","null","null","null"
"0500000US34031","Passaic County, New Jersey","null","null","null","null","null","null"
"0500000US09011","New London County, Connecticut","null","null","null","null","null","null"
"0500000US23031","York County, Maine","null","null","null","null","null","null"
"0500000US45003","Aiken County, South Carolina","null","null","null","null","null","null"
"0500000US42027","Centre County, Pennsylvania","null","null","null","null","null","null"
"0500000US33009","Grafton County, New Hampshire","null","null","null","null","null","null"
"0500000US12053","Hernando County, Florida","null","null","null","null","null","null"
"0500000US48187","Guadalupe County, Texas","null","null","null","null","null","null"
"0500000US27123","Ramsey County, Minnesota","null","null","null","null","null","null"
"0500000US55131","Washington County, Wisconsin","null","null","null","null","null","null"
"0500000US06041","Marin County, California","null","null","null","null","null","null"
"0500000US39029","Columbiana County, Ohio","null","null","null","null","null","null"
"0500000US05131","Sebastian County, Arkansas","null","null","null","null","null","null"
"0500000US48409","San Patricio County, Texas","null","null","null","null","null","null"
"0500000US37135","Orange County, North Carolina","null","null","null","null","null","null"
"0500000US36111","Ulster County, New York","null","null","null","null","null","null"
"0500000US17199","Williamson County, Illinois","null","null","null","null","null","null"
"0500000US13067","Cobb County, Georgia","null","null","null","null","null","null"
"0500000US13117","Forsyth County, Georgia","null","null","null","null","null","null"
"0500000US44007","Providence County, Rhode Island","null","null","null","null","null","null"
"0500000US36045","Jefferson County, New York","null","null","null","null","null","null"
"0500000US01101","Montgomery County, Alabama","null","null","null","null","null","null"
"0500000US72013","Arecibo Municipio, Puerto Rico","null","null","null","null","null","null"
"0500000US06033","Lake County, California","null","null","null","null","null","null"
"0500000US36085","Richmond County, New York","null","null","null","null","null","null"
"0500000US18043","Floyd County, Indiana","null","null","null","null","null","null"
"0500000US29183","St. Charles County, Missouri","null","null","null","null","null","null"
"0500000US26091","Lenawee County, Michigan","null","null","null","null","null","null"
