"GEO_ID","id",
"NAME","Geographic Area Name",
"B10010_001E","Estimate!!Median family income in the past 12 months!!Total",
"B10010_001M","Margin of Error!!Median family income in the past 12 months!!Total",
"B10010_002E","Estimate!!Median family income in the past 12 months!!Grandparent householder and/or spouse responsible for grandchildren under 18 years (dollars)",
"B10010_002M","Margin of Error!!Median family income in the past 12 months!!Grandparent householder and/or spouse responsible for grandchildren under 18 years (dollars)",
"B10010_003E","Estimate!!Median family income in the past 12 months!!Grandparent householder and/or spouse responsible for grandchildren under 18 years and no parent present (dollars)",
"B10010_003M","Margin of Error!!Median family income in the past 12 months!!Grandparent householder and/or spouse responsible for grandchildren under 18 years and no parent present (dollars)",
